ng-3-0_0_0_1_1_0,ng-3-0_0_0_1_1_0-cum,ng-3-0_0_0_1_1_0-tier,ng-3-0_0_0_0_1_0,ng-3-0_0_0_0_1_0-cum,ng-3-0_0_0_0_1_0-tier,ng-3-2_0_0_1_1_0,ng-3-2_0_0_1_1_0-cum,ng-3-2_0_0_1_1_0-tier,ng-3-2_0_0_0_1_0,ng-3-2_0_0_0_1_0-cum,ng-3-2_0_0_0_1_0-tier,ng-3-0_1_0_0_1_0,ng-3-0_1_0_0_1_0-cum,ng-3-0_1_0_0_1_0-tier,ng-3-0_1_0_1_1_0,ng-3-0_1_0_1_1_0-cum,ng-3-0_1_0_1_1_0-tier
,,,-511.3913937080415,0.0,2.0,-219.4584119441271,0.0,3.0,-169.416244812354,0.0,3,-506.19535022158755,0.0,2.0,-181.51084827746052,0.0,3.0
,,,-178.70469894412722,1.1764705882352942,3.0,-189.72050200653513,2.6315789473684212,3.0,-124.75992264568742,0.06157635467980296,3,-253.60330188825432,3.125,2.0,-150.98025667320186,100.0,3.0
,,,-154.26130527746054,2.3529411764705883,3.0,-50.48610261451039,5.2631578947368425,4.0,-99.301102062354,0.12315270935960591,3,-181.51084827746052,6.25,3.0,,,
,,,-133.83534156235396,3.5294117647058822,3.0,-44.74517469784363,7.894736842105264,4.0,-99.30110206235395,0.18472906403940886,3,-164.8879039441271,9.375,3.0,,,
,,,-126.15345461079382,4.705882352941177,3.0,-43.29633561451033,10.526315789473685,4.0,-95.76446389568736,0.24630541871921183,3,-150.98025667320186,12.5,3.0,,,
,,,-106.50317961079381,5.882352941176471,3.0,-42.05615011451034,13.157894736842106,4.0,-92.37843361079385,0.3078817733990148,3,-105.85376997902074,15.625,3.0,,,
,,,-95.76446389568741,7.0588235294117645,3.0,-31.550093781176997,15.789473684210527,4.0,-92.37843361079385,0.3694581280788177,3,-103.87704761079378,18.75,3.0,,,
,,,-95.76446389568734,8.23529411764706,3.0,-29.382166614510357,18.42105263157895,4.0,-92.37843361079383,0.4310344827586207,3,-95.76446389568746,21.875,3.0,,,
,,,-95.76446389568731,9.411764705882353,3.0,-27.849246697843668,21.05263157894737,4.0,-92.37843361079382,0.49261083743842365,3,-95.76446389568738,25.0,3.0,,,
,,,-92.37843361079385,10.588235294117647,3.0,-24.82973200326757,23.68421052631579,4.0,-92.37843361079382,0.5541871921182266,3,-95.76446389568727,28.125,3.0,,,
,,,-92.3784336107938,11.764705882352942,3.0,-24.694303972063548,26.315789473684212,4.0,-92.3784336107938,0.6157635467980296,3,-92.37843361079375,31.25,3.0,,,
,,,-92.37843361079378,12.941176470588236,3.0,-24.0410783053969,28.947368421052634,4.0,-92.37843361079379,0.6773399014778325,3,-91.11922794412716,34.375,3.0,,,
,,,-92.37843361079375,14.117647058823529,3.0,-19.35689167320187,31.578947368421055,3.0,-92.37843361079376,0.7389162561576355,3,-90.40038861079391,37.5,3.0,,,
,,,-92.37843361079372,15.294117647058824,3.0,-15.729014947843698,34.21052631578948,4.0,-90.40038861079384,0.8004926108374384,3,-90.40038861079385,40.625,3.0,,,
,,,-92.37843361079372,16.47058823529412,3.0,-11.653488638730254,36.8421052631579,4.0,-89.86742272902079,0.8620689655172414,3,-90.40038861079383,43.75,3.0,,,
,,,-92.3784336107937,17.647058823529413,3.0,0.4844793612697513,39.473684210526315,4.0,-89.86742272902079,0.9236453201970444,3,-90.40038861079377,46.875,3.0,,,
,,,-92.37843361079369,18.823529411764707,3.0,3.768087361269801,42.10526315789474,4.0,-89.86742272902073,0.9852216748768473,3,-82.48820861079383,50.0,3.0,,,
,,,-90.56362289568733,20.0,3.0,5.223027027936366,44.736842105263165,4.0,-89.86742272902072,1.0467980295566504,3,-80.27942467320183,53.125,3.0,,,
,,,-90.5636228956873,21.176470588235293,3.0,5.2770240279364025,47.36842105263158,4.0,-89.86742272902072,1.1083743842364533,3,-63.159496610793845,56.25,3.0,,,
,,,-90.40038861079391,22.35294117647059,3.0,27.3054220279364,50.0,4.0,-89.86742272902063,1.1699507389162562,3,-50.92436733986849,59.375,3.0,,,
,,,-90.40038861079385,23.529411764705884,3.0,27.970537694603095,52.631578947368425,4.0,-89.47012594412719,1.2315270935960592,3,-50.92436733986842,62.5,3.0,,,
,,,-90.40038861079383,24.705882352941178,3.0,48.50673138548964,55.26315789473685,4.0,-89.47012594412718,1.293103448275862,3,-45.62986461079383,65.625,3.0,,,
,,,-90.40038861079383,25.88235294117647,3.0,74.50860033006576,57.89473684210527,4.0,-89.47012594412715,1.354679802955665,3,-45.5462519441272,68.75,3.0,,,
,,,-89.66188294412714,27.058823529411764,3.0,76.34911166339904,60.526315789473685,4.0,-89.47012594412712,1.416256157635468,3,-39.357037062353946,71.875,3.0,,,
,,,-88.42234361079392,28.235294117647058,3.0,81.93906266339908,63.15789473684211,4.0,-89.4701259441271,1.477832512315271,3,-32.57208056235401,75.0,3.0,,,
,,,-88.42234361079383,29.411764705882355,3.0,97.94275688548957,65.78947368421053,4.0,-89.47012594412708,1.5394088669950738,3,-19.592336277460525,78.125,3.0,,,
,,,-86.44429861079387,30.58823529411765,3.0,97.9427568854896,68.42105263157896,4.0,-89.47012594412706,1.6009852216748768,3,7.314692722539455,81.25,3.0,,,
,,,-84.95180294412715,31.764705882352942,3.0,99.52977921882297,71.05263157894737,4.0,-89.47012594412706,1.66256157635468,3,31.92846872253945,84.375,3.0,,,
,,,-82.48820861079386,32.94117647058824,3.0,137.74389669460305,73.6842105263158,4.0,-88.92457639568741,1.7241379310344829,3,36.969596389206174,87.5,3.0,,,
,,,-73.30408561079385,34.11764705882353,3.0,145.531682694603,76.31578947368422,4.0,-88.42234361079387,1.7857142857142858,3,52.07234272253942,90.625,3.0,,,
,,,-67.8371592774605,35.294117647058826,3.0,175.38172055215642,78.94736842105263,4.0,-87.82096927746052,1.8472906403940887,3,118.76975588548967,93.75,4.0,,,
,,,-52.419972673201784,36.470588235294116,3.0,179.59751180215633,81.57894736842105,4.0,-87.82096927746048,1.9088669950738917,3,151.3565800279363,96.875,4.0,,,
,,,-50.92436733986853,37.64705882352941,3.0,183.36123613548966,84.21052631578948,4.0,-87.82096927746048,1.9704433497536946,3,168.85822269460297,100.0,4.0,,,
,,,-50.92436733986851,38.82352941176471,3.0,193.77805002793644,86.8421052631579,4.0,-87.82096927746043,2.0320197044334978,3,,,,,,
,,,-50.92436733986851,40.0,3.0,213.910383718823,89.47368421052633,4.0,-87.82096927746043,2.0935960591133007,3,,,,,,
,,,-50.924367339868475,41.1764705882353,3.0,231.80634269460293,92.10526315789474,4.0,-86.44429861079377,2.1551724137931036,3,,,,,,
,,,-50.924367339868475,42.35294117647059,3.0,234.16147836126964,94.73684210526316,4.0,-86.44429861079375,2.2167487684729066,3,,,,,,
,,,-49.42878267320184,43.529411764705884,3.0,235.19883571882292,97.36842105263159,4.0,-84.46625361079381,2.2783251231527095,3,,,,,,
,,,-49.42878267320175,44.70588235294118,3.0,305.664469218823,100.0,4.0,-79.23731861079382,2.3399014778325125,3,,,,,,
,,,-43.05990500653519,45.88235294117647,3.0,,,,-75.54194267320186,2.4014778325123154,3,,,,,,
,,,-42.18248894412729,47.05882352941177,3.0,,,,-68.3654013398686,2.4630541871921183,3,,,,,,
,,,-40.748951277460556,48.23529411764706,3.0,,,,-68.36540133986857,2.5246305418719213,3,,,,,,
,,,-20.24446861079388,49.411764705882355,3.0,,,,-68.36540133986857,2.586206896551724,3,,,,,,
,,,-10.793667944127131,50.58823529411765,3.0,,,,-68.36540133986855,2.647783251231527,3,,,,,,
,,,32.56569072253956,51.76470588235294,3.0,,,,-68.36540133986855,2.70935960591133,3,,,,,,
,,,64.88204105587278,52.94117647058824,3.0,,,,-68.36540133986855,2.770935960591133,3,,,,,,
,,,72.93051077841217,54.11764705882353,1.0,,,,-68.36540133986854,2.832512315270936,3,,,,,,
,,,87.14664005587275,55.294117647058826,3.0,,,,-68.36540133986854,2.894088669950739,3,,,,,,
,,,118.76975588548957,56.470588235294116,4.0,,,,-68.36540133986854,2.955665024630542,3,,,,,,
,,,118.76975588548964,57.64705882352941,4.0,,,,-68.36540133986853,3.0172413793103448,3,,,,,,
,,,118.76975588548966,58.82352941176471,4.0,,,,-68.36540133986853,3.0788177339901477,3,,,,,,
,,,119.49840469460302,60.0,4.0,,,,-68.36540133986851,3.1403940886699506,3,,,,,,
,,,127.70841780215625,61.1764705882353,4.0,,,,-68.36540133986851,3.2019704433497536,3,,,,,,
,,,127.70841780215633,62.35294117647059,4.0,,,,-68.36540133986851,3.2635467980295565,3,,,,,,
,,,127.70841780215638,63.529411764705884,4.0,,,,-68.36540133986851,3.32512315270936,3,,,,,,
,,,128.42795869460303,64.70588235294117,4.0,,,,-68.3654013398685,3.386699507389163,3,,,,,,
,,,130.89680102793645,65.88235294117648,4.0,,,,-68.3654013398685,3.4482758620689657,3,,,,,,
,,,131.00100936126978,67.05882352941177,4.0,,,,-68.3654013398685,3.5098522167487687,3,,,,,,
,,,131.0010093612698,68.23529411764706,4.0,,,,-68.36540133986847,3.5714285714285716,3,,,,,,
,,,136.060723694603,69.41176470588236,4.0,,,,-68.36540133986847,3.6330049261083746,3,,,,,,
,,,136.06072369460304,70.58823529411765,4.0,,,,-68.36540133986846,3.6945812807881775,3,,,,,,
,,,136.06072369460304,71.76470588235294,4.0,,,,-68.36540133986846,3.7561576354679804,3,,,,,,
,,,136.06072369460304,72.94117647058823,4.0,,,,-68.36540133986846,3.8177339901477834,3,,,,,,
,,,136.06072369460307,74.11764705882354,4.0,,,,-68.36540133986846,3.8793103448275863,3,,,,,,
,,,136.06072369460307,75.29411764705883,4.0,,,,-68.36540133986844,3.9408866995073892,3,,,,,,
,,,136.0607236946031,76.47058823529412,4.0,,,,-68.36540133986844,4.002463054187192,3,,,,,,
,,,140.5281383612696,77.64705882352942,4.0,,,,-68.36540133986841,4.0640394088669956,3,,,,,,
,,,140.52813836126967,78.82352941176471,4.0,,,,-66.59966994412716,4.125615763546798,3,,,,,,
,,,140.5281383612697,80.0,4.0,,,,-66.40122067320189,4.187192118226601,3,,,,,,
,,,140.5281383612697,81.17647058823529,4.0,,,,-66.40122067320185,4.248768472906404,3,,,,,,
,,,140.52813836126973,82.3529411764706,4.0,,,,-66.40122067320185,4.310344827586207,3,,,,,,
,,,140.52813836126973,83.52941176470588,4.0,,,,-66.40122067320183,4.37192118226601,3,,,,,,
,,,140.52813836126973,84.70588235294117,4.0,,,,-66.40122067320183,4.433497536945813,3,,,,,,
,,,140.52813836126975,85.88235294117648,4.0,,,,-66.40122067320183,4.495073891625616,3,,,,,,
,,,140.52813836126975,87.05882352941177,4.0,,,,-66.40122067320183,4.556650246305419,3,,,,,,
,,,140.52813836126975,88.23529411764706,4.0,,,,-66.40122067320183,4.6182266009852215,3,,,,,,
,,,140.74311502793637,89.41176470588236,4.0,,,,-66.40122067320183,4.679802955665025,3,,,,,,
,,,140.7431150279364,90.58823529411765,4.0,,,,-66.40122067320182,4.741379310344827,3,,,,,,
,,,140.7431150279364,91.76470588235294,4.0,,,,-66.40122067320182,4.802955665024631,3,,,,,,
,,,141.0252877658428,92.94117647058823,5.0,,,,-66.40122067320182,4.864532019704433,3,,,,,,
,,,146.0167010991761,94.11764705882354,5.0,,,,-66.4012206732018,4.926108374384237,3,,,,,,
,,,151.35658002793627,95.29411764705883,4.0,,,,-66.4012206732018,4.987684729064039,3,,,,,,
,,,168.85822269460303,96.47058823529412,4.0,,,,-66.4012206732018,5.0492610837438425,3,,,,,,
,,,197.8126247440717,97.64705882352942,5.0,,,,-66.4012206732018,5.110837438423645,3,,,,,,
,,,217.9128337440717,98.82352941176471,5.0,,,,-66.4012206732018,5.172413793103448,3,,,,,,
,,,321.1149510362827,100.0,5.0,,,,-66.4012206732018,5.233990147783251,3,,,,,,
,,,,,,,,,-66.40122067320179,5.295566502463054,3,,,,,,
,,,,,,,,,-66.40122067320179,5.357142857142858,3,,,,,,
,,,,,,,,,-66.40122067320179,5.41871921182266,3,,,,,,
,,,,,,,,,-66.40122067320178,5.4802955665024635,3,,,,,,
,,,,,,,,,-66.40122067320178,5.541871921182266,3,,,,,,
,,,,,,,,,-66.40122067320176,5.603448275862069,3,,,,,,
,,,,,,,,,-66.40122067320176,5.665024630541872,3,,,,,,
,,,,,,,,,-66.40122067320176,5.726600985221675,3,,,,,,
,,,,,,,,,-66.40122067320175,5.788177339901478,3,,,,,,
,,,,,,,,,-66.40122067320175,5.849753694581281,3,,,,,,
,,,,,,,,,-66.40122067320173,5.911330049261084,3,,,,,,
,,,,,,,,,-66.40122067320173,5.972906403940887,3,,,,,,
,,,,,,,,,-65.15433867320186,6.0344827586206895,3,,,,,,
,,,,,,,,,-56.95019694412731,6.096059113300493,3,,,,,,
,,,,,,,,,-56.950196944127114,6.157635467980295,3,,,,,,
,,,,,,,,,-55.59053306235405,6.219211822660099,3,,,,,,
,,,,,,,,,-55.411183339868536,6.280788177339901,3,,,,,,
,,,,,,,,,-55.41118333986847,6.342364532019705,3,,,,,,
,,,,,,,,,-53.91558833986852,6.403940886699507,3,,,,,,
,,,,,,,,,-53.91558833986852,6.4655172413793105,3,,,,,,
,,,,,,,,,-52.419972673201876,6.527093596059113,3,,,,,,
,,,,,,,,,-52.419972673201805,6.588669950738916,3,,,,,,
,,,,,,,,,-51.39799061079374,6.65024630541872,3,,,,,,
,,,,,,,,,-50.924367339868496,6.711822660098522,3,,,,,,
,,,,,,,,,-50.924367339868496,6.773399014778326,3,,,,,,
,,,,,,,,,-50.924367339868496,6.834975369458128,3,,,,,,
,,,,,,,,,-49.56904894412715,6.8965517241379315,3,,,,,,
,,,,,,,,,-43.05990500653519,6.958128078817734,3,,,,,,
,,,,,,,,,-40.520550339868514,7.019704433497537,3,,,,,,
,,,,,,,,,-40.52055033986848,7.08128078817734,3,,,,,,
,,,,,,,,,-40.52055033986848,7.142857142857143,3,,,,,,
,,,,,,,,,-35.0863651978437,7.204433497536946,4,,,,,,
,,,,,,,,,-33.05167961079383,7.266009852216749,3,,,,,,
,,,,,,,,,-22.74257127746049,7.327586206896552,3,,,,,,
,,,,,,,,,-19.35689167320187,7.389162561576355,3,,,,,,
,,,,,,,,,-13.06959266993424,7.4507389162561575,4,,,,,,
,,,,,,,,,-5.534638944127282,7.512315270935961,3,,,,,,
,,,,,,,,,1.836846722539474,7.573891625615763,3,,,,,,
,,,,,,,,,2.550497802156317,7.635467980295567,4,,,,,,
,,,,,,,,,12.314888722539383,7.697044334975369,3,,,,,,
,,,,,,,,,13.002568055872974,7.758620689655173,3,,,,,,
,,,,,,,,,15.953283389206112,7.820197044334975,3,,,,,,
,,,,,,,,,21.097990722539475,7.8817733990147785,3,,,,,,
,,,,,,,,,21.194204055872863,7.943349753694582,3,,,,,,
,,,,,,,,,21.349170389206115,8.004926108374384,3,,,,,,
,,,,,,,,,21.821754027936414,8.066502463054187,4,,,,,,
,,,,,,,,,28.485329722539536,8.128078817733991,3,,,,,,
,,,,,,,,,30.542149389206198,8.189655172413794,3,,,,,,
,,,,,,,,,37.84613538920624,8.251231527093596,3,,,,,,
,,,,,,,,,40.87269430215634,8.312807881773399,4,,,,,,
,,,,,,,,,46.553664694603086,8.374384236453203,4,,,,,,
,,,,,,,,,47.10884338548965,8.435960591133005,4,,,,,,
,,,,,,,,,48.50673138548964,8.497536945812808,4,,,,,,
,,,,,,,,,51.926457802156385,8.55911330049261,4,,,,,,
,,,,,,,,,53.134625389206256,8.620689655172415,3,,,,,,
,,,,,,,,,55.29438636126977,8.682266009852217,4,,,,,,
,,,,,,,,,58.39493621882299,8.74384236453202,4,,,,,,
,,,,,,,,,61.9853540279364,8.805418719211822,4,,,,,,
,,,,,,,,,68.8650993612697,8.866995073891626,4,,,,,,
,,,,,,,,,69.0421783612697,8.928571428571429,4,,,,,,
,,,,,,,,,69.35987369460304,8.990147783251231,4,,,,,,
,,,,,,,,,70.81628330215628,9.051724137931034,4,,,,,,
,,,,,,,,,71.14460433006575,9.113300492610838,4,,,,,,
,,,,,,,,,75.71998888548967,9.17487684729064,4,,,,,,
,,,,,,,,,76.97872602793637,9.236453201970443,4,,,,,,
,,,,,,,,,81.5658208854897,9.298029556650247,4,,,,,,
,,,,,,,,,84.35549932679818,9.35960591133005,3,,,,,,
,,,,,,,,,86.52020133006569,9.421182266009852,4,,,,,,
,,,,,,,,,86.52020133006575,9.482758620689655,4,,,,,,
,,,,,,,,,88.48647488548964,9.544334975369459,4,,,,,,
,,,,,,,,,91.72696133006572,9.605911330049262,4,,,,,,
,,,,,,,,,91.72696133006576,9.667487684729064,4,,,,,,
,,,,,,,,,92.53010802793641,9.729064039408867,4,,,,,,
,,,,,,,,,92.59336855215629,9.79064039408867,4,,,,,,
,,,,,,,,,93.24865833006568,9.852216748768473,4,,,,,,
,,,,,,,,,93.24865833006568,9.913793103448276,4,,,,,,
,,,,,,,,,93.24865833006571,9.975369458128078,4,,,,,,
,,,,,,,,,97.15241599673227,10.036945812807883,4,,,,,,
,,,,,,,,,97.15241599673227,10.098522167487685,4,,,,,,
,,,,,,,,,97.15241599673227,10.160098522167488,4,,,,,,
,,,,,,,,,97.15241599673227,10.22167487684729,4,,,,,,
,,,,,,,,,97.15241599673227,10.283251231527094,4,,,,,,
,,,,,,,,,97.15241599673229,10.344827586206897,4,,,,,,
,,,,,,,,,97.1524159967323,10.4064039408867,4,,,,,,
,,,,,,,,,97.1524159967323,10.467980295566502,4,,,,,,
,,,,,,,,,97.1524159967323,10.529556650246306,4,,,,,,
,,,,,,,,,97.1524159967323,10.591133004926109,4,,,,,,
,,,,,,,,,97.1524159967323,10.652709359605911,4,,,,,,
,,,,,,,,,97.1524159967323,10.714285714285715,4,,,,,,
,,,,,,,,,97.15241599673232,10.775862068965518,4,,,,,,
,,,,,,,,,97.15241599673232,10.83743842364532,4,,,,,,
,,,,,,,,,97.15241599673232,10.899014778325123,4,,,,,,
,,,,,,,,,97.15241599673232,10.960591133004927,4,,,,,,
,,,,,,,,,97.15241599673232,11.02216748768473,4,,,,,,
,,,,,,,,,97.15241599673232,11.083743842364532,4,,,,,,
,,,,,,,,,97.15241599673232,11.145320197044335,4,,,,,,
,,,,,,,,,97.15241599673232,11.206896551724139,4,,,,,,
,,,,,,,,,97.15241599673232,11.268472906403941,4,,,,,,
,,,,,,,,,97.15241599673232,11.330049261083744,4,,,,,,
,,,,,,,,,97.15241599673232,11.391625615763546,4,,,,,,
,,,,,,,,,97.15241599673233,11.45320197044335,4,,,,,,
,,,,,,,,,97.15241599673233,11.514778325123153,4,,,,,,
,,,,,,,,,97.15241599673233,11.576354679802956,4,,,,,,
,,,,,,,,,97.15241599673233,11.637931034482758,4,,,,,,
,,,,,,,,,97.15241599673233,11.699507389162562,4,,,,,,
,,,,,,,,,97.15241599673233,11.761083743842365,4,,,,,,
,,,,,,,,,97.15241599673233,11.822660098522167,4,,,,,,
,,,,,,,,,97.15241599673233,11.884236453201972,4,,,,,,
,,,,,,,,,97.15241599673233,11.945812807881774,4,,,,,,
,,,,,,,,,97.15241599673233,12.007389162561577,4,,,,,,
,,,,,,,,,97.15241599673233,12.068965517241379,4,,,,,,
,,,,,,,,,97.15241599673233,12.130541871921183,4,,,,,,
,,,,,,,,,97.15241599673233,12.192118226600986,4,,,,,,
,,,,,,,,,97.15241599673233,12.253694581280788,4,,,,,,
,,,,,,,,,97.15241599673233,12.31527093596059,4,,,,,,
,,,,,,,,,97.15241599673233,12.376847290640395,4,,,,,,
,,,,,,,,,97.15241599673234,12.438423645320198,4,,,,,,
,,,,,,,,,97.15241599673234,12.5,4,,,,,,
,,,,,,,,,97.15241599673234,12.561576354679802,4,,,,,,
,,,,,,,,,97.15241599673234,12.623152709359607,4,,,,,,
,,,,,,,,,97.15241599673234,12.68472906403941,4,,,,,,
,,,,,,,,,97.15241599673234,12.746305418719212,4,,,,,,
,,,,,,,,,97.15241599673234,12.807881773399014,4,,,,,,
,,,,,,,,,97.15241599673234,12.869458128078819,4,,,,,,
,,,,,,,,,97.15241599673234,12.931034482758621,4,,,,,,
,,,,,,,,,97.15241599673234,12.992610837438423,4,,,,,,
,,,,,,,,,97.15241599673234,13.054187192118226,4,,,,,,
,,,,,,,,,97.15241599673234,13.11576354679803,4,,,,,,
,,,,,,,,,97.15241599673234,13.177339901477833,4,,,,,,
,,,,,,,,,97.15241599673234,13.238916256157635,4,,,,,,
,,,,,,,,,97.15241599673234,13.30049261083744,4,,,,,,
,,,,,,,,,97.15241599673234,13.362068965517242,4,,,,,,
,,,,,,,,,97.15241599673234,13.423645320197044,4,,,,,,
,,,,,,,,,97.15241599673234,13.485221674876847,4,,,,,,
,,,,,,,,,97.15241599673234,13.546798029556651,4,,,,,,
,,,,,,,,,97.15241599673234,13.608374384236454,4,,,,,,
,,,,,,,,,97.15241599673234,13.669950738916256,4,,,,,,
,,,,,,,,,97.15241599673234,13.731527093596059,4,,,,,,
,,,,,,,,,97.15241599673234,13.793103448275863,4,,,,,,
,,,,,,,,,97.15241599673234,13.854679802955665,4,,,,,,
,,,,,,,,,97.15241599673234,13.916256157635468,4,,,,,,
,,,,,,,,,97.15241599673234,13.97783251231527,4,,,,,,
,,,,,,,,,97.15241599673234,14.039408866995075,4,,,,,,
,,,,,,,,,97.15241599673234,14.100985221674877,4,,,,,,
,,,,,,,,,97.15241599673234,14.16256157635468,4,,,,,,
,,,,,,,,,97.15241599673234,14.224137931034482,4,,,,,,
,,,,,,,,,97.15241599673234,14.285714285714286,4,,,,,,
,,,,,,,,,97.15241599673234,14.347290640394089,4,,,,,,
,,,,,,,,,97.15241599673234,14.408866995073891,4,,,,,,
,,,,,,,,,97.15241599673236,14.470443349753696,4,,,,,,
,,,,,,,,,97.15241599673236,14.532019704433498,4,,,,,,
,,,,,,,,,97.15241599673236,14.5935960591133,4,,,,,,
,,,,,,,,,97.15241599673236,14.655172413793103,4,,,,,,
,,,,,,,,,97.15241599673236,14.716748768472907,4,,,,,,
,,,,,,,,,97.15241599673236,14.77832512315271,4,,,,,,
,,,,,,,,,97.15241599673236,14.839901477832512,4,,,,,,
,,,,,,,,,97.15241599673236,14.901477832512315,4,,,,,,
,,,,,,,,,97.15241599673236,14.96305418719212,4,,,,,,
,,,,,,,,,97.15241599673236,15.024630541871922,4,,,,,,
,,,,,,,,,97.15241599673236,15.086206896551724,4,,,,,,
,,,,,,,,,97.15241599673236,15.147783251231527,4,,,,,,
,,,,,,,,,97.15241599673236,15.209359605911331,4,,,,,,
,,,,,,,,,97.15241599673236,15.270935960591133,4,,,,,,
,,,,,,,,,97.15241599673236,15.332512315270936,4,,,,,,
,,,,,,,,,97.15241599673236,15.394088669950738,4,,,,,,
,,,,,,,,,97.15241599673236,15.455665024630543,4,,,,,,
,,,,,,,,,97.15241599673236,15.517241379310345,4,,,,,,
,,,,,,,,,97.15241599673236,15.578817733990148,4,,,,,,
,,,,,,,,,97.15241599673236,15.64039408866995,4,,,,,,
,,,,,,,,,97.15241599673236,15.701970443349754,4,,,,,,
,,,,,,,,,97.15241599673236,15.763546798029557,4,,,,,,
,,,,,,,,,97.15241599673237,15.82512315270936,4,,,,,,
,,,,,,,,,97.15241599673237,15.886699507389164,4,,,,,,
,,,,,,,,,97.15241599673237,15.948275862068966,4,,,,,,
,,,,,,,,,97.15241599673237,16.00985221674877,4,,,,,,
,,,,,,,,,97.15241599673237,16.071428571428573,4,,,,,,
,,,,,,,,,97.15241599673237,16.133004926108374,4,,,,,,
,,,,,,,,,97.15241599673237,16.194581280788178,4,,,,,,
,,,,,,,,,97.15241599673237,16.256157635467982,4,,,,,,
,,,,,,,,,97.15241599673237,16.317733990147783,4,,,,,,
,,,,,,,,,97.15241599673237,16.379310344827587,4,,,,,,
,,,,,,,,,97.15241599673237,16.440886699507388,4,,,,,,
,,,,,,,,,97.15241599673237,16.502463054187192,4,,,,,,
,,,,,,,,,97.15241599673237,16.564039408866996,4,,,,,,
,,,,,,,,,97.15241599673237,16.625615763546797,4,,,,,,
,,,,,,,,,97.15241599673237,16.6871921182266,4,,,,,,
,,,,,,,,,97.15241599673237,16.748768472906406,4,,,,,,
,,,,,,,,,97.15241599673237,16.810344827586206,4,,,,,,
,,,,,,,,,97.15241599673237,16.87192118226601,4,,,,,,
,,,,,,,,,97.15241599673237,16.93349753694581,4,,,,,,
,,,,,,,,,97.15241599673237,16.995073891625616,4,,,,,,
,,,,,,,,,97.15241599673237,17.05665024630542,4,,,,,,
,,,,,,,,,97.15241599673237,17.11822660098522,4,,,,,,
,,,,,,,,,97.15241599673237,17.179802955665025,4,,,,,,
,,,,,,,,,97.15241599673237,17.24137931034483,4,,,,,,
,,,,,,,,,97.15241599673237,17.30295566502463,4,,,,,,
,,,,,,,,,97.15241599673237,17.364532019704434,4,,,,,,
,,,,,,,,,97.15241599673237,17.42610837438424,4,,,,,,
,,,,,,,,,97.15241599673237,17.48768472906404,4,,,,,,
,,,,,,,,,97.15241599673237,17.549261083743843,4,,,,,,
,,,,,,,,,97.15241599673237,17.610837438423644,4,,,,,,
,,,,,,,,,97.15241599673239,17.67241379310345,4,,,,,,
,,,,,,,,,97.15241599673239,17.733990147783253,4,,,,,,
,,,,,,,,,97.15241599673239,17.795566502463053,4,,,,,,
,,,,,,,,,97.15241599673239,17.857142857142858,4,,,,,,
,,,,,,,,,97.15241599673239,17.918719211822662,4,,,,,,
,,,,,,,,,97.15241599673239,17.980295566502463,4,,,,,,
,,,,,,,,,97.15241599673239,18.041871921182267,4,,,,,,
,,,,,,,,,97.15241599673239,18.103448275862068,4,,,,,,
,,,,,,,,,97.15241599673239,18.165024630541872,4,,,,,,
,,,,,,,,,97.15241599673239,18.226600985221676,4,,,,,,
,,,,,,,,,97.15241599673239,18.288177339901477,4,,,,,,
,,,,,,,,,97.15241599673239,18.34975369458128,4,,,,,,
,,,,,,,,,97.15241599673239,18.411330049261085,4,,,,,,
,,,,,,,,,97.15241599673239,18.472906403940886,4,,,,,,
,,,,,,,,,97.15241599673239,18.53448275862069,4,,,,,,
,,,,,,,,,97.15241599673239,18.596059113300495,4,,,,,,
,,,,,,,,,97.15241599673239,18.657635467980295,4,,,,,,
,,,,,,,,,97.15241599673239,18.7192118226601,4,,,,,,
,,,,,,,,,97.15241599673239,18.7807881773399,4,,,,,,
,,,,,,,,,97.15241599673239,18.842364532019705,4,,,,,,
,,,,,,,,,97.15241599673239,18.90394088669951,4,,,,,,
,,,,,,,,,97.15241599673239,18.96551724137931,4,,,,,,
,,,,,,,,,97.15241599673239,19.027093596059114,4,,,,,,
,,,,,,,,,97.15241599673239,19.088669950738918,4,,,,,,
,,,,,,,,,97.15241599673239,19.15024630541872,4,,,,,,
,,,,,,,,,97.15241599673239,19.211822660098523,4,,,,,,
,,,,,,,,,97.15241599673239,19.273399014778324,4,,,,,,
,,,,,,,,,97.15241599673239,19.334975369458128,4,,,,,,
,,,,,,,,,97.15241599673239,19.396551724137932,4,,,,,,
,,,,,,,,,97.15241599673239,19.458128078817733,4,,,,,,
,,,,,,,,,97.15241599673239,19.519704433497537,4,,,,,,
,,,,,,,,,97.15241599673239,19.58128078817734,4,,,,,,
,,,,,,,,,97.15241599673239,19.642857142857142,4,,,,,,
,,,,,,,,,97.15241599673239,19.704433497536947,4,,,,,,
,,,,,,,,,97.15241599673239,19.76600985221675,4,,,,,,
,,,,,,,,,97.15241599673239,19.82758620689655,4,,,,,,
,,,,,,,,,97.15241599673239,19.889162561576356,4,,,,,,
,,,,,,,,,97.15241599673239,19.950738916256157,4,,,,,,
,,,,,,,,,97.15241599673239,20.01231527093596,4,,,,,,
,,,,,,,,,97.15241599673239,20.073891625615765,4,,,,,,
,,,,,,,,,97.1524159967324,20.135467980295566,4,,,,,,
,,,,,,,,,97.1524159967324,20.19704433497537,4,,,,,,
,,,,,,,,,97.1524159967324,20.258620689655174,4,,,,,,
,,,,,,,,,97.1524159967324,20.320197044334975,4,,,,,,
,,,,,,,,,97.1524159967324,20.38177339901478,4,,,,,,
,,,,,,,,,97.1524159967324,20.44334975369458,4,,,,,,
,,,,,,,,,97.1524159967324,20.504926108374384,4,,,,,,
,,,,,,,,,97.1524159967324,20.56650246305419,4,,,,,,
,,,,,,,,,97.1524159967324,20.62807881773399,4,,,,,,
,,,,,,,,,97.1524159967324,20.689655172413794,4,,,,,,
,,,,,,,,,97.1524159967324,20.751231527093598,4,,,,,,
,,,,,,,,,97.1524159967324,20.8128078817734,4,,,,,,
,,,,,,,,,97.1524159967324,20.874384236453203,4,,,,,,
,,,,,,,,,97.1524159967324,20.935960591133004,4,,,,,,
,,,,,,,,,97.1524159967324,20.997536945812808,4,,,,,,
,,,,,,,,,97.1524159967324,21.059113300492612,4,,,,,,
,,,,,,,,,97.1524159967324,21.120689655172413,4,,,,,,
,,,,,,,,,97.1524159967324,21.182266009852217,4,,,,,,
,,,,,,,,,97.1524159967324,21.24384236453202,4,,,,,,
,,,,,,,,,97.1524159967324,21.305418719211822,4,,,,,,
,,,,,,,,,97.1524159967324,21.366995073891626,4,,,,,,
,,,,,,,,,97.1524159967324,21.42857142857143,4,,,,,,
,,,,,,,,,97.1524159967324,21.49014778325123,4,,,,,,
,,,,,,,,,97.1524159967324,21.551724137931036,4,,,,,,
,,,,,,,,,97.1524159967324,21.613300492610836,4,,,,,,
,,,,,,,,,97.1524159967324,21.67487684729064,4,,,,,,
,,,,,,,,,97.1524159967324,21.736453201970445,4,,,,,,
,,,,,,,,,97.1524159967324,21.798029556650246,4,,,,,,
,,,,,,,,,97.1524159967324,21.85960591133005,4,,,,,,
,,,,,,,,,97.1524159967324,21.921182266009854,4,,,,,,
,,,,,,,,,97.1524159967324,21.982758620689655,4,,,,,,
,,,,,,,,,97.15241599673242,22.04433497536946,4,,,,,,
,,,,,,,,,97.15241599673242,22.10591133004926,4,,,,,,
,,,,,,,,,97.15241599673242,22.167487684729064,4,,,,,,
,,,,,,,,,97.15241599673242,22.22906403940887,4,,,,,,
,,,,,,,,,97.15241599673242,22.29064039408867,4,,,,,,
,,,,,,,,,97.15241599673242,22.352216748768473,4,,,,,,
,,,,,,,,,97.15241599673242,22.413793103448278,4,,,,,,
,,,,,,,,,97.15241599673242,22.47536945812808,4,,,,,,
,,,,,,,,,97.15241599673242,22.536945812807883,4,,,,,,
,,,,,,,,,97.15241599673242,22.598522167487687,4,,,,,,
,,,,,,,,,97.15241599673242,22.660098522167488,4,,,,,,
,,,,,,,,,97.15241599673242,22.721674876847292,4,,,,,,
,,,,,,,,,97.15241599673242,22.783251231527093,4,,,,,,
,,,,,,,,,97.15241599673242,22.844827586206897,4,,,,,,
,,,,,,,,,97.15241599673242,22.9064039408867,4,,,,,,
,,,,,,,,,97.15241599673242,22.967980295566502,4,,,,,,
,,,,,,,,,97.15241599673242,23.029556650246306,4,,,,,,
,,,,,,,,,97.15241599673242,23.09113300492611,4,,,,,,
,,,,,,,,,97.15241599673242,23.15270935960591,4,,,,,,
,,,,,,,,,97.15241599673242,23.214285714285715,4,,,,,,
,,,,,,,,,97.15241599673242,23.275862068965516,4,,,,,,
,,,,,,,,,97.15241599673243,23.33743842364532,4,,,,,,
,,,,,,,,,97.15241599673243,23.399014778325125,4,,,,,,
,,,,,,,,,97.15241599673243,23.460591133004925,4,,,,,,
,,,,,,,,,97.15241599673243,23.52216748768473,4,,,,,,
,,,,,,,,,97.15241599673243,23.583743842364534,4,,,,,,
,,,,,,,,,97.15241599673243,23.645320197044335,4,,,,,,
,,,,,,,,,97.15241599673243,23.70689655172414,4,,,,,,
,,,,,,,,,97.15241599673243,23.768472906403943,4,,,,,,
,,,,,,,,,97.15241599673243,23.830049261083744,4,,,,,,
,,,,,,,,,97.15241599673243,23.891625615763548,4,,,,,,
,,,,,,,,,97.15241599673244,23.95320197044335,4,,,,,,
,,,,,,,,,97.15241599673244,24.014778325123153,4,,,,,,
,,,,,,,,,97.15241599673244,24.076354679802957,4,,,,,,
,,,,,,,,,97.15241599673246,24.137931034482758,4,,,,,,
,,,,,,,,,97.15241599673246,24.199507389162562,4,,,,,,
,,,,,,,,,97.15241599673246,24.261083743842367,4,,,,,,
,,,,,,,,,98.9707519967324,24.322660098522167,4,,,,,,
,,,,,,,,,98.97075199673243,24.38423645320197,4,,,,,,
,,,,,,,,,98.97075199673246,24.445812807881772,4,,,,,,
,,,,,,,,,102.17987396882297,24.507389162561577,4,,,,,,
,,,,,,,,,103.83925471882301,24.56896551724138,4,,,,,,
,,,,,,,,,105.029195663399,24.63054187192118,4,,,,,,
,,,,,,,,,105.029195663399,24.692118226600986,4,,,,,,
,,,,,,,,,105.02919566339901,24.75369458128079,4,,,,,,
,,,,,,,,,105.02919566339901,24.81527093596059,4,,,,,,
,,,,,,,,,105.02919566339902,24.876847290640395,4,,,,,,
,,,,,,,,,105.02919566339902,24.938423645320196,4,,,,,,
,,,,,,,,,105.02919566339902,25.0,4,,,,,,
,,,,,,,,,105.02919566339902,25.061576354679804,4,,,,,,
,,,,,,,,,105.02919566339904,25.123152709359605,4,,,,,,
,,,,,,,,,105.02919566339904,25.18472906403941,4,,,,,,
,,,,,,,,,105.02919566339904,25.246305418719214,4,,,,,,
,,,,,,,,,105.02919566339904,25.307881773399014,4,,,,,,
,,,,,,,,,105.02919566339904,25.36945812807882,4,,,,,,
,,,,,,,,,105.02919566339904,25.431034482758623,4,,,,,,
,,,,,,,,,105.02919566339904,25.492610837438423,4,,,,,,
,,,,,,,,,105.02919566339904,25.554187192118228,4,,,,,,
,,,,,,,,,105.02919566339904,25.61576354679803,4,,,,,,
,,,,,,,,,105.02919566339904,25.677339901477833,4,,,,,,
,,,,,,,,,105.02919566339904,25.738916256157637,4,,,,,,
,,,,,,,,,105.02919566339905,25.800492610837438,4,,,,,,
,,,,,,,,,105.02919566339905,25.862068965517242,4,,,,,,
,,,,,,,,,105.02919566339905,25.923645320197046,4,,,,,,
,,,,,,,,,105.02919566339905,25.985221674876847,4,,,,,,
,,,,,,,,,105.02919566339905,26.04679802955665,4,,,,,,
,,,,,,,,,105.02919566339905,26.108374384236452,4,,,,,,
,,,,,,,,,105.02919566339905,26.169950738916256,4,,,,,,
,,,,,,,,,105.02919566339905,26.23152709359606,4,,,,,,
,,,,,,,,,105.02919566339905,26.29310344827586,4,,,,,,
,,,,,,,,,105.02919566339905,26.354679802955665,4,,,,,,
,,,,,,,,,105.02919566339905,26.41625615763547,4,,,,,,
,,,,,,,,,105.02919566339907,26.47783251231527,4,,,,,,
,,,,,,,,,105.02919566339907,26.539408866995075,4,,,,,,
,,,,,,,,,105.02919566339907,26.60098522167488,4,,,,,,
,,,,,,,,,105.02919566339907,26.66256157635468,4,,,,,,
,,,,,,,,,105.02919566339907,26.724137931034484,4,,,,,,
,,,,,,,,,105.02919566339907,26.785714285714285,4,,,,,,
,,,,,,,,,105.02919566339907,26.84729064039409,4,,,,,,
,,,,,,,,,105.02919566339907,26.908866995073893,4,,,,,,
,,,,,,,,,105.02919566339907,26.970443349753694,4,,,,,,
,,,,,,,,,105.02919566339907,27.032019704433498,4,,,,,,
,,,,,,,,,105.02919566339907,27.093596059113302,4,,,,,,
,,,,,,,,,105.02919566339907,27.155172413793103,4,,,,,,
,,,,,,,,,105.02919566339907,27.216748768472907,4,,,,,,
,,,,,,,,,105.02919566339908,27.278325123152708,4,,,,,,
,,,,,,,,,105.02919566339908,27.339901477832512,4,,,,,,
,,,,,,,,,105.02919566339908,27.401477832512317,4,,,,,,
,,,,,,,,,105.02919566339908,27.463054187192117,4,,,,,,
,,,,,,,,,105.02919566339908,27.52463054187192,4,,,,,,
,,,,,,,,,105.02919566339908,27.586206896551726,4,,,,,,
,,,,,,,,,105.02919566339908,27.647783251231527,4,,,,,,
,,,,,,,,,105.02919566339908,27.70935960591133,4,,,,,,
,,,,,,,,,105.02919566339908,27.770935960591135,4,,,,,,
,,,,,,,,,105.02919566339908,27.832512315270936,4,,,,,,
,,,,,,,,,105.02919566339908,27.89408866995074,4,,,,,,
,,,,,,,,,105.02919566339908,27.95566502463054,4,,,,,,
,,,,,,,,,105.02919566339908,28.017241379310345,4,,,,,,
,,,,,,,,,105.02919566339908,28.07881773399015,4,,,,,,
,,,,,,,,,105.02919566339908,28.14039408866995,4,,,,,,
,,,,,,,,,105.02919566339908,28.201970443349754,4,,,,,,
,,,,,,,,,105.02919566339908,28.26354679802956,4,,,,,,
,,,,,,,,,105.02919566339908,28.32512315270936,4,,,,,,
,,,,,,,,,105.02919566339908,28.386699507389164,4,,,,,,
,,,,,,,,,105.02919566339908,28.448275862068964,4,,,,,,
,,,,,,,,,105.02919566339908,28.50985221674877,4,,,,,,
,,,,,,,,,105.02919566339908,28.571428571428573,4,,,,,,
,,,,,,,,,105.02919566339908,28.633004926108374,4,,,,,,
,,,,,,,,,105.02919566339908,28.694581280788178,4,,,,,,
,,,,,,,,,105.02919566339908,28.756157635467982,4,,,,,,
,,,,,,,,,105.02919566339908,28.817733990147783,4,,,,,,
,,,,,,,,,105.02919566339908,28.879310344827587,4,,,,,,
,,,,,,,,,105.02919566339908,28.94088669950739,4,,,,,,
,,,,,,,,,105.02919566339908,29.002463054187192,4,,,,,,
,,,,,,,,,105.0291956633991,29.064039408866996,4,,,,,,
,,,,,,,,,105.0291956633991,29.125615763546797,4,,,,,,
,,,,,,,,,105.0291956633991,29.1871921182266,4,,,,,,
,,,,,,,,,105.0291956633991,29.248768472906406,4,,,,,,
,,,,,,,,,105.0291956633991,29.310344827586206,4,,,,,,
,,,,,,,,,105.0291956633991,29.37192118226601,4,,,,,,
,,,,,,,,,105.0291956633991,29.433497536945815,4,,,,,,
,,,,,,,,,105.0291956633991,29.495073891625616,4,,,,,,
,,,,,,,,,105.0291956633991,29.55665024630542,4,,,,,,
,,,,,,,,,105.0291956633991,29.61822660098522,4,,,,,,
,,,,,,,,,105.0291956633991,29.679802955665025,4,,,,,,
,,,,,,,,,105.0291956633991,29.74137931034483,4,,,,,,
,,,,,,,,,105.0291956633991,29.80295566502463,4,,,,,,
,,,,,,,,,105.0291956633991,29.864532019704434,4,,,,,,
,,,,,,,,,105.02919566339911,29.92610837438424,4,,,,,,
,,,,,,,,,105.02919566339911,29.98768472906404,4,,,,,,
,,,,,,,,,105.02919566339911,30.049261083743843,4,,,,,,
,,,,,,,,,105.02919566339911,30.110837438423644,4,,,,,,
,,,,,,,,,105.02919566339911,30.17241379310345,4,,,,,,
,,,,,,,,,105.02919566339911,30.233990147783253,4,,,,,,
,,,,,,,,,105.02919566339911,30.295566502463053,4,,,,,,
,,,,,,,,,105.02919566339911,30.357142857142858,4,,,,,,
,,,,,,,,,105.02919566339911,30.418719211822662,4,,,,,,
,,,,,,,,,105.02919566339911,30.480295566502463,4,,,,,,
,,,,,,,,,105.02919566339911,30.541871921182267,4,,,,,,
,,,,,,,,,105.02919566339911,30.60344827586207,4,,,,,,
,,,,,,,,,105.02919566339911,30.665024630541872,4,,,,,,
,,,,,,,,,105.02919566339911,30.726600985221676,4,,,,,,
,,,,,,,,,105.02919566339912,30.788177339901477,4,,,,,,
,,,,,,,,,105.02919566339912,30.84975369458128,4,,,,,,
,,,,,,,,,105.02919566339912,30.911330049261085,4,,,,,,
,,,,,,,,,105.02919566339912,30.972906403940886,4,,,,,,
,,,,,,,,,105.02919566339912,31.03448275862069,4,,,,,,
,,,,,,,,,105.02919566339912,31.096059113300495,4,,,,,,
,,,,,,,,,105.02919566339912,31.157635467980295,4,,,,,,
,,,,,,,,,105.02919566339912,31.2192118226601,4,,,,,,
,,,,,,,,,105.02919566339914,31.2807881773399,4,,,,,,
,,,,,,,,,105.02919566339914,31.342364532019705,4,,,,,,
,,,,,,,,,105.02919566339915,31.40394088669951,4,,,,,,
,,,,,,,,,105.02919566339915,31.46551724137931,4,,,,,,
,,,,,,,,,105.02919566339915,31.527093596059114,4,,,,,,
,,,,,,,,,105.02919566339915,31.588669950738918,4,,,,,,
,,,,,,,,,105.02919566339915,31.65024630541872,4,,,,,,
,,,,,,,,,105.02919566339916,31.711822660098523,4,,,,,,
,,,,,,,,,105.02919566339918,31.773399014778327,4,,,,,,
,,,,,,,,,109.3431420279364,31.834975369458128,4,,,,,,
,,,,,,,,,111.60790263548971,31.896551724137932,4,,,,,,
,,,,,,,,,113.73220013548959,31.958128078817733,4,,,,,,
,,,,,,,,,113.73220013548959,32.01970443349754,4,,,,,,
,,,,,,,,,113.7322001354896,32.08128078817734,4,,,,,,
,,,,,,,,,113.7322001354896,32.142857142857146,4,,,,,,
,,,,,,,,,113.73220013548962,32.20443349753695,4,,,,,,
,,,,,,,,,113.73220013548962,32.26600985221675,4,,,,,,
,,,,,,,,,113.73220013548962,32.327586206896555,4,,,,,,
,,,,,,,,,113.73220013548963,32.389162561576356,4,,,,,,
,,,,,,,,,113.73220013548963,32.45073891625616,4,,,,,,
,,,,,,,,,113.73220013548965,32.512315270935964,4,,,,,,
,,,,,,,,,113.73220013548965,32.573891625615765,4,,,,,,
,,,,,,,,,113.73220013548966,32.635467980295566,4,,,,,,
,,,,,,,,,113.73220013548966,32.69704433497537,4,,,,,,
,,,,,,,,,113.73220013548966,32.758620689655174,4,,,,,,
,,,,,,,,,113.73220013548968,32.820197044334975,4,,,,,,
,,,,,,,,,113.73220013548969,32.881773399014776,4,,,,,,
,,,,,,,,,113.73220013548969,32.943349753694584,4,,,,,,
,,,,,,,,,113.7322001354897,33.004926108374384,4,,,,,,
,,,,,,,,,113.86238069460303,33.066502463054185,4,,,,,,
,,,,,,,,,119.49840469460298,33.12807881773399,4,,,,,,
,,,,,,,,,119.49840469460298,33.189655172413794,4,,,,,,
,,,,,,,,,119.49840469460298,33.251231527093594,4,,,,,,
,,,,,,,,,119.49840469460301,33.3128078817734,4,,,,,,
,,,,,,,,,119.49840469460302,33.3743842364532,4,,,,,,
,,,,,,,,,119.49840469460304,33.435960591133004,4,,,,,,
,,,,,,,,,119.49840469460305,33.49753694581281,4,,,,,,
,,,,,,,,,119.49840469460307,33.55911330049261,4,,,,,,
,,,,,,,,,119.49840469460308,33.62068965517241,4,,,,,,
,,,,,,,,,119.4984046946031,33.68226600985222,4,,,,,,
,,,,,,,,,119.49840469460317,33.74384236453202,4,,,,,,
,,,,,,,,,120.57657013548958,33.80541871921182,4,,,,,,
,,,,,,,,,120.57657013548959,33.86699507389162,4,,,,,,
,,,,,,,,,120.57657013548959,33.92857142857143,4,,,,,,
,,,,,,,,,120.57657013548965,33.99014778325123,4,,,,,,
,,,,,,,,,120.57657013548969,34.05172413793103,4,,,,,,
,,,,,,,,,120.5765701354897,34.11330049261084,4,,,,,,
,,,,,,,,,121.31630369460301,34.17487684729064,4,,,,,,
,,,,,,,,,122.57686538548961,34.23645320197044,4,,,,,,
,,,,,,,,,122.57686538548965,34.29802955665025,4,,,,,,
,,,,,,,,,122.57686538548967,34.35960591133005,4,,,,,,
,,,,,,,,,122.57686538548968,34.42118226600985,4,,,,,,
,,,,,,,,,122.57958202793638,34.48275862068966,4,,,,,,
,,,,,,,,,123.32887069460295,34.54433497536946,4,,,,,,
,,,,,,,,,123.32887069460303,34.60591133004926,4,,,,,,
,,,,,,,,,123.32887069460304,34.66748768472907,4,,,,,,
,,,,,,,,,123.32887069460305,34.72906403940887,4,,,,,,
,,,,,,,,,123.32887069460305,34.79064039408867,4,,,,,,
,,,,,,,,,123.32887069460307,34.85221674876848,4,,,,,,
,,,,,,,,,123.3288706946031,34.91379310344828,4,,,,,,
,,,,,,,,,123.3288706946031,34.97536945812808,4,,,,,,
,,,,,,,,,123.3288706946031,35.03694581280788,4,,,,,,
,,,,,,,,,123.32887069460311,35.09852216748769,4,,,,,,
,,,,,,,,,123.32887069460313,35.16009852216749,4,,,,,,
,,,,,,,,,123.32887069460313,35.22167487684729,4,,,,,,
,,,,,,,,,123.32887069460314,35.283251231527096,4,,,,,,
,,,,,,,,,125.14016869460306,35.3448275862069,4,,,,,,
,,,,,,,,,127.57721638548969,35.4064039408867,4,,,,,,
,,,,,,,,,127.64486138548966,35.467980295566505,4,,,,,,
,,,,,,,,,127.70841780215615,35.529556650246306,4,,,,,,
,,,,,,,,,127.70841780215616,35.59113300492611,4,,,,,,
,,,,,,,,,127.70841780215616,35.652709359605915,4,,,,,,
,,,,,,,,,127.70841780215616,35.714285714285715,4,,,,,,
,,,,,,,,,127.70841780215616,35.775862068965516,4,,,,,,
,,,,,,,,,127.70841780215616,35.837438423645324,4,,,,,,
,,,,,,,,,127.70841780215618,35.899014778325125,4,,,,,,
,,,,,,,,,127.70841780215618,35.960591133004925,4,,,,,,
,,,,,,,,,127.70841780215618,36.02216748768473,4,,,,,,
,,,,,,,,,127.70841780215618,36.083743842364534,4,,,,,,
,,,,,,,,,127.70841780215619,36.145320197044335,4,,,,,,
,,,,,,,,,127.70841780215619,36.206896551724135,4,,,,,,
,,,,,,,,,127.70841780215619,36.26847290640394,4,,,,,,
,,,,,,,,,127.70841780215619,36.330049261083744,4,,,,,,
,,,,,,,,,127.70841780215619,36.391625615763544,4,,,,,,
,,,,,,,,,127.70841780215619,36.45320197044335,4,,,,,,
,,,,,,,,,127.70841780215619,36.51477832512315,4,,,,,,
,,,,,,,,,127.70841780215619,36.576354679802954,4,,,,,,
,,,,,,,,,127.70841780215619,36.63793103448276,4,,,,,,
,,,,,,,,,127.70841780215619,36.69950738916256,4,,,,,,
,,,,,,,,,127.70841780215619,36.76108374384236,4,,,,,,
,,,,,,,,,127.70841780215619,36.82266009852217,4,,,,,,
,,,,,,,,,127.70841780215619,36.88423645320197,4,,,,,,
,,,,,,,,,127.70841780215619,36.94581280788177,4,,,,,,
,,,,,,,,,127.70841780215619,37.00738916256158,4,,,,,,
,,,,,,,,,127.70841780215619,37.06896551724138,4,,,,,,
,,,,,,,,,127.7084178021562,37.13054187192118,4,,,,,,
,,,,,,,,,127.7084178021562,37.19211822660099,4,,,,,,
,,,,,,,,,127.7084178021562,37.25369458128079,4,,,,,,
,,,,,,,,,127.7084178021562,37.31527093596059,4,,,,,,
,,,,,,,,,127.7084178021562,37.37684729064039,4,,,,,,
,,,,,,,,,127.7084178021562,37.4384236453202,4,,,,,,
,,,,,,,,,127.7084178021562,37.5,4,,,,,,
,,,,,,,,,127.7084178021562,37.5615763546798,4,,,,,,
,,,,,,,,,127.7084178021562,37.62315270935961,4,,,,,,
,,,,,,,,,127.7084178021562,37.68472906403941,4,,,,,,
,,,,,,,,,127.7084178021562,37.74630541871921,4,,,,,,
,,,,,,,,,127.7084178021562,37.80788177339902,4,,,,,,
,,,,,,,,,127.7084178021562,37.86945812807882,4,,,,,,
,,,,,,,,,127.7084178021562,37.93103448275862,4,,,,,,
,,,,,,,,,127.7084178021562,37.99261083743843,4,,,,,,
,,,,,,,,,127.7084178021562,38.05418719211823,4,,,,,,
,,,,,,,,,127.7084178021562,38.11576354679803,4,,,,,,
,,,,,,,,,127.7084178021562,38.177339901477836,4,,,,,,
,,,,,,,,,127.7084178021562,38.23891625615764,4,,,,,,
,,,,,,,,,127.7084178021562,38.30049261083744,4,,,,,,
,,,,,,,,,127.7084178021562,38.362068965517246,4,,,,,,
,,,,,,,,,127.7084178021562,38.423645320197046,4,,,,,,
,,,,,,,,,127.7084178021562,38.48522167487685,4,,,,,,
,,,,,,,,,127.7084178021562,38.54679802955665,4,,,,,,
,,,,,,,,,127.7084178021562,38.608374384236456,4,,,,,,
,,,,,,,,,127.7084178021562,38.669950738916256,4,,,,,,
,,,,,,,,,127.7084178021562,38.73152709359606,4,,,,,,
,,,,,,,,,127.7084178021562,38.793103448275865,4,,,,,,
,,,,,,,,,127.7084178021562,38.854679802955665,4,,,,,,
,,,,,,,,,127.7084178021562,38.916256157635466,4,,,,,,
,,,,,,,,,127.7084178021562,38.977832512315274,4,,,,,,
,,,,,,,,,127.7084178021562,39.039408866995075,4,,,,,,
,,,,,,,,,127.7084178021562,39.100985221674875,4,,,,,,
,,,,,,,,,127.7084178021562,39.16256157635468,4,,,,,,
,,,,,,,,,127.7084178021562,39.224137931034484,4,,,,,,
,,,,,,,,,127.7084178021562,39.285714285714285,4,,,,,,
,,,,,,,,,127.7084178021562,39.34729064039409,4,,,,,,
,,,,,,,,,127.70841780215622,39.40886699507389,4,,,,,,
,,,,,,,,,127.70841780215622,39.470443349753694,4,,,,,,
,,,,,,,,,127.70841780215622,39.5320197044335,4,,,,,,
,,,,,,,,,127.70841780215622,39.5935960591133,4,,,,,,
,,,,,,,,,127.70841780215622,39.6551724137931,4,,,,,,
,,,,,,,,,127.70841780215622,39.716748768472904,4,,,,,,
,,,,,,,,,127.70841780215622,39.77832512315271,4,,,,,,
,,,,,,,,,127.70841780215622,39.83990147783251,4,,,,,,
,,,,,,,,,127.70841780215622,39.90147783251231,4,,,,,,
,,,,,,,,,127.70841780215622,39.96305418719212,4,,,,,,
,,,,,,,,,127.70841780215622,40.02463054187192,4,,,,,,
,,,,,,,,,127.70841780215622,40.08620689655172,4,,,,,,
,,,,,,,,,127.70841780215622,40.14778325123153,4,,,,,,
,,,,,,,,,127.70841780215622,40.20935960591133,4,,,,,,
,,,,,,,,,127.70841780215622,40.27093596059113,4,,,,,,
,,,,,,,,,127.70841780215622,40.33251231527094,4,,,,,,
,,,,,,,,,127.70841780215622,40.39408866995074,4,,,,,,
,,,,,,,,,127.70841780215622,40.45566502463054,4,,,,,,
,,,,,,,,,127.70841780215622,40.51724137931035,4,,,,,,
,,,,,,,,,127.70841780215622,40.57881773399015,4,,,,,,
,,,,,,,,,127.70841780215622,40.64039408866995,4,,,,,,
,,,,,,,,,127.70841780215622,40.70197044334975,4,,,,,,
,,,,,,,,,127.70841780215622,40.76354679802956,4,,,,,,
,,,,,,,,,127.70841780215622,40.82512315270936,4,,,,,,
,,,,,,,,,127.70841780215622,40.88669950738916,4,,,,,,
,,,,,,,,,127.70841780215622,40.94827586206897,4,,,,,,
,,,,,,,,,127.70841780215622,41.00985221674877,4,,,,,,
,,,,,,,,,127.70841780215622,41.07142857142857,4,,,,,,
,,,,,,,,,127.70841780215622,41.13300492610838,4,,,,,,
,,,,,,,,,127.70841780215622,41.19458128078818,4,,,,,,
,,,,,,,,,127.70841780215622,41.25615763546798,4,,,,,,
,,,,,,,,,127.70841780215622,41.31773399014779,4,,,,,,
,,,,,,,,,127.70841780215623,41.37931034482759,4,,,,,,
,,,,,,,,,127.70841780215623,41.44088669950739,4,,,,,,
,,,,,,,,,127.70841780215623,41.502463054187196,4,,,,,,
,,,,,,,,,127.70841780215623,41.564039408866996,4,,,,,,
,,,,,,,,,127.70841780215623,41.6256157635468,4,,,,,,
,,,,,,,,,127.70841780215623,41.687192118226605,4,,,,,,
,,,,,,,,,127.70841780215623,41.748768472906406,4,,,,,,
,,,,,,,,,127.70841780215623,41.810344827586206,4,,,,,,
,,,,,,,,,127.70841780215623,41.87192118226601,4,,,,,,
,,,,,,,,,127.70841780215623,41.933497536945815,4,,,,,,
,,,,,,,,,127.70841780215623,41.995073891625616,4,,,,,,
,,,,,,,,,127.70841780215623,42.056650246305416,4,,,,,,
,,,,,,,,,127.70841780215623,42.118226600985224,4,,,,,,
,,,,,,,,,127.70841780215623,42.179802955665025,4,,,,,,
,,,,,,,,,127.70841780215623,42.241379310344826,4,,,,,,
,,,,,,,,,127.70841780215623,42.30295566502463,4,,,,,,
,,,,,,,,,127.70841780215623,42.364532019704434,4,,,,,,
,,,,,,,,,127.70841780215623,42.426108374384235,4,,,,,,
,,,,,,,,,127.70841780215623,42.48768472906404,4,,,,,,
,,,,,,,,,127.70841780215623,42.54926108374384,4,,,,,,
,,,,,,,,,127.70841780215623,42.610837438423644,4,,,,,,
,,,,,,,,,127.70841780215623,42.67241379310345,4,,,,,,
,,,,,,,,,127.70841780215623,42.73399014778325,4,,,,,,
,,,,,,,,,127.70841780215623,42.79556650246305,4,,,,,,
,,,,,,,,,127.70841780215623,42.85714285714286,4,,,,,,
,,,,,,,,,127.70841780215623,42.91871921182266,4,,,,,,
,,,,,,,,,127.70841780215623,42.98029556650246,4,,,,,,
,,,,,,,,,127.70841780215623,43.04187192118226,4,,,,,,
,,,,,,,,,127.70841780215623,43.10344827586207,4,,,,,,
,,,,,,,,,127.70841780215623,43.16502463054187,4,,,,,,
,,,,,,,,,127.70841780215623,43.22660098522167,4,,,,,,
,,,,,,,,,127.70841780215623,43.28817733990148,4,,,,,,
,,,,,,,,,127.70841780215623,43.34975369458128,4,,,,,,
,,,,,,,,,127.70841780215623,43.41133004926108,4,,,,,,
,,,,,,,,,127.70841780215623,43.47290640394089,4,,,,,,
,,,,,,,,,127.70841780215623,43.53448275862069,4,,,,,,
,,,,,,,,,127.70841780215623,43.59605911330049,4,,,,,,
,,,,,,,,,127.70841780215623,43.6576354679803,4,,,,,,
,,,,,,,,,127.70841780215623,43.7192118226601,4,,,,,,
,,,,,,,,,127.70841780215623,43.7807881773399,4,,,,,,
,,,,,,,,,127.70841780215623,43.84236453201971,4,,,,,,
,,,,,,,,,127.70841780215623,43.90394088669951,4,,,,,,
,,,,,,,,,127.70841780215623,43.96551724137931,4,,,,,,
,,,,,,,,,127.70841780215623,44.02709359605912,4,,,,,,
,,,,,,,,,127.70841780215623,44.08866995073892,4,,,,,,
,,,,,,,,,127.70841780215623,44.15024630541872,4,,,,,,
,,,,,,,,,127.70841780215623,44.21182266009852,4,,,,,,
,,,,,,,,,127.70841780215623,44.27339901477833,4,,,,,,
,,,,,,,,,127.70841780215623,44.33497536945813,4,,,,,,
,,,,,,,,,127.70841780215623,44.39655172413793,4,,,,,,
,,,,,,,,,127.70841780215623,44.45812807881774,4,,,,,,
,,,,,,,,,127.70841780215623,44.51970443349754,4,,,,,,
,,,,,,,,,127.70841780215623,44.58128078817734,4,,,,,,
,,,,,,,,,127.70841780215623,44.642857142857146,4,,,,,,
,,,,,,,,,127.70841780215623,44.70443349753695,4,,,,,,
,,,,,,,,,127.70841780215623,44.76600985221675,4,,,,,,
,,,,,,,,,127.70841780215623,44.827586206896555,4,,,,,,
,,,,,,,,,127.70841780215623,44.889162561576356,4,,,,,,
,,,,,,,,,127.70841780215623,44.95073891625616,4,,,,,,
,,,,,,,,,127.70841780215623,45.012315270935964,4,,,,,,
,,,,,,,,,127.70841780215623,45.073891625615765,4,,,,,,
,,,,,,,,,127.70841780215623,45.135467980295566,4,,,,,,
,,,,,,,,,127.70841780215623,45.197044334975374,4,,,,,,
,,,,,,,,,127.70841780215623,45.258620689655174,4,,,,,,
,,,,,,,,,127.70841780215623,45.320197044334975,4,,,,,,
,,,,,,,,,127.70841780215623,45.381773399014776,4,,,,,,
,,,,,,,,,127.70841780215625,45.443349753694584,4,,,,,,
,,,,,,,,,127.70841780215625,45.504926108374384,4,,,,,,
,,,,,,,,,127.70841780215625,45.566502463054185,4,,,,,,
,,,,,,,,,127.70841780215625,45.62807881773399,4,,,,,,
,,,,,,,,,127.70841780215625,45.689655172413794,4,,,,,,
,,,,,,,,,127.70841780215625,45.751231527093594,4,,,,,,
,,,,,,,,,127.70841780215625,45.8128078817734,4,,,,,,
,,,,,,,,,127.70841780215625,45.8743842364532,4,,,,,,
,,,,,,,,,127.70841780215625,45.935960591133004,4,,,,,,
,,,,,,,,,127.70841780215625,45.99753694581281,4,,,,,,
,,,,,,,,,127.70841780215625,46.05911330049261,4,,,,,,
,,,,,,,,,127.70841780215625,46.12068965517241,4,,,,,,
,,,,,,,,,127.70841780215625,46.18226600985222,4,,,,,,
,,,,,,,,,127.70841780215625,46.24384236453202,4,,,,,,
,,,,,,,,,127.70841780215625,46.30541871921182,4,,,,,,
,,,,,,,,,127.70841780215625,46.36699507389163,4,,,,,,
,,,,,,,,,127.70841780215625,46.42857142857143,4,,,,,,
,,,,,,,,,127.70841780215625,46.49014778325123,4,,,,,,
,,,,,,,,,127.70841780215625,46.55172413793103,4,,,,,,
,,,,,,,,,127.70841780215625,46.61330049261084,4,,,,,,
,,,,,,,,,127.70841780215625,46.67487684729064,4,,,,,,
,,,,,,,,,127.70841780215625,46.73645320197044,4,,,,,,
,,,,,,,,,127.70841780215625,46.79802955665025,4,,,,,,
,,,,,,,,,127.70841780215625,46.85960591133005,4,,,,,,
,,,,,,,,,127.70841780215625,46.92118226600985,4,,,,,,
,,,,,,,,,127.70841780215625,46.98275862068966,4,,,,,,
,,,,,,,,,127.70841780215625,47.04433497536946,4,,,,,,
,,,,,,,,,127.70841780215625,47.10591133004926,4,,,,,,
,,,,,,,,,127.70841780215625,47.16748768472907,4,,,,,,
,,,,,,,,,127.70841780215625,47.22906403940887,4,,,,,,
,,,,,,,,,127.70841780215625,47.29064039408867,4,,,,,,
,,,,,,,,,127.70841780215625,47.35221674876848,4,,,,,,
,,,,,,,,,127.70841780215625,47.41379310344828,4,,,,,,
,,,,,,,,,127.70841780215625,47.47536945812808,4,,,,,,
,,,,,,,,,127.70841780215625,47.536945812807886,4,,,,,,
,,,,,,,,,127.70841780215625,47.59852216748769,4,,,,,,
,,,,,,,,,127.70841780215625,47.66009852216749,4,,,,,,
,,,,,,,,,127.70841780215625,47.72167487684729,4,,,,,,
,,,,,,,,,127.70841780215625,47.783251231527096,4,,,,,,
,,,,,,,,,127.70841780215625,47.8448275862069,4,,,,,,
,,,,,,,,,127.70841780215625,47.9064039408867,4,,,,,,
,,,,,,,,,127.70841780215625,47.967980295566505,4,,,,,,
,,,,,,,,,127.70841780215625,48.029556650246306,4,,,,,,
,,,,,,,,,127.70841780215625,48.09113300492611,4,,,,,,
,,,,,,,,,127.70841780215625,48.152709359605915,4,,,,,,
,,,,,,,,,127.70841780215625,48.214285714285715,4,,,,,,
,,,,,,,,,127.70841780215625,48.275862068965516,4,,,,,,
,,,,,,,,,127.70841780215625,48.337438423645324,4,,,,,,
,,,,,,,,,127.70841780215625,48.399014778325125,4,,,,,,
,,,,,,,,,127.70841780215625,48.460591133004925,4,,,,,,
,,,,,,,,,127.70841780215625,48.52216748768473,4,,,,,,
,,,,,,,,,127.70841780215625,48.583743842364534,4,,,,,,
,,,,,,,,,127.70841780215625,48.645320197044335,4,,,,,,
,,,,,,,,,127.70841780215625,48.70689655172414,4,,,,,,
,,,,,,,,,127.70841780215625,48.76847290640394,4,,,,,,
,,,,,,,,,127.70841780215625,48.830049261083744,4,,,,,,
,,,,,,,,,127.70841780215625,48.891625615763544,4,,,,,,
,,,,,,,,,127.70841780215625,48.95320197044335,4,,,,,,
,,,,,,,,,127.70841780215625,49.01477832512315,4,,,,,,
,,,,,,,,,127.70841780215625,49.076354679802954,4,,,,,,
,,,,,,,,,127.70841780215625,49.13793103448276,4,,,,,,
,,,,,,,,,127.70841780215625,49.19950738916256,4,,,,,,
,,,,,,,,,127.70841780215625,49.26108374384236,4,,,,,,
,,,,,,,,,127.70841780215625,49.32266009852217,4,,,,,,
,,,,,,,,,127.70841780215625,49.38423645320197,4,,,,,,
,,,,,,,,,127.70841780215625,49.44581280788177,4,,,,,,
,,,,,,,,,127.70841780215625,49.50738916256158,4,,,,,,
,,,,,,,,,127.70841780215625,49.56896551724138,4,,,,,,
,,,,,,,,,127.70841780215625,49.63054187192118,4,,,,,,
,,,,,,,,,127.70841780215625,49.69211822660099,4,,,,,,
,,,,,,,,,127.70841780215625,49.75369458128079,4,,,,,,
,,,,,,,,,127.70841780215625,49.81527093596059,4,,,,,,
,,,,,,,,,127.70841780215625,49.87684729064039,4,,,,,,
,,,,,,,,,127.70841780215625,49.9384236453202,4,,,,,,
,,,,,,,,,127.70841780215625,50.0,4,,,,,,
,,,,,,,,,127.70841780215625,50.0615763546798,4,,,,,,
,,,,,,,,,127.70841780215626,50.12315270935961,4,,,,,,
,,,,,,,,,127.70841780215626,50.18472906403941,4,,,,,,
,,,,,,,,,127.70841780215626,50.24630541871921,4,,,,,,
,,,,,,,,,127.70841780215626,50.30788177339902,4,,,,,,
,,,,,,,,,127.70841780215626,50.36945812807882,4,,,,,,
,,,,,,,,,127.70841780215626,50.43103448275862,4,,,,,,
,,,,,,,,,127.70841780215626,50.49261083743843,4,,,,,,
,,,,,,,,,127.70841780215626,50.55418719211823,4,,,,,,
,,,,,,,,,127.70841780215626,50.61576354679803,4,,,,,,
,,,,,,,,,127.70841780215626,50.677339901477836,4,,,,,,
,,,,,,,,,127.70841780215626,50.73891625615764,4,,,,,,
,,,,,,,,,127.70841780215626,50.80049261083744,4,,,,,,
,,,,,,,,,127.70841780215626,50.862068965517246,4,,,,,,
,,,,,,,,,127.70841780215626,50.923645320197046,4,,,,,,
,,,,,,,,,127.70841780215626,50.98522167487685,4,,,,,,
,,,,,,,,,127.70841780215626,51.04679802955665,4,,,,,,
,,,,,,,,,127.70841780215626,51.108374384236456,4,,,,,,
,,,,,,,,,127.70841780215626,51.169950738916256,4,,,,,,
,,,,,,,,,127.70841780215626,51.23152709359606,4,,,,,,
,,,,,,,,,127.70841780215626,51.293103448275865,4,,,,,,
,,,,,,,,,127.70841780215626,51.354679802955665,4,,,,,,
,,,,,,,,,127.70841780215626,51.416256157635466,4,,,,,,
,,,,,,,,,127.70841780215626,51.477832512315274,4,,,,,,
,,,,,,,,,127.70841780215626,51.539408866995075,4,,,,,,
,,,,,,,,,127.70841780215626,51.600985221674875,4,,,,,,
,,,,,,,,,127.70841780215626,51.66256157635468,4,,,,,,
,,,,,,,,,127.70841780215626,51.724137931034484,4,,,,,,
,,,,,,,,,127.70841780215626,51.785714285714285,4,,,,,,
,,,,,,,,,127.70841780215626,51.84729064039409,4,,,,,,
,,,,,,,,,127.70841780215626,51.90886699507389,4,,,,,,
,,,,,,,,,127.70841780215626,51.970443349753694,4,,,,,,
,,,,,,,,,127.70841780215626,52.0320197044335,4,,,,,,
,,,,,,,,,127.70841780215626,52.0935960591133,4,,,,,,
,,,,,,,,,127.70841780215626,52.1551724137931,4,,,,,,
,,,,,,,,,127.70841780215626,52.216748768472904,4,,,,,,
,,,,,,,,,127.70841780215626,52.27832512315271,4,,,,,,
,,,,,,,,,127.70841780215626,52.33990147783251,4,,,,,,
,,,,,,,,,127.70841780215626,52.40147783251231,4,,,,,,
,,,,,,,,,127.70841780215626,52.46305418719212,4,,,,,,
,,,,,,,,,127.70841780215626,52.52463054187192,4,,,,,,
,,,,,,,,,127.70841780215626,52.58620689655172,4,,,,,,
,,,,,,,,,127.70841780215626,52.64778325123153,4,,,,,,
,,,,,,,,,127.70841780215626,52.70935960591133,4,,,,,,
,,,,,,,,,127.70841780215626,52.77093596059113,4,,,,,,
,,,,,,,,,127.70841780215626,52.83251231527094,4,,,,,,
,,,,,,,,,127.70841780215626,52.89408866995074,4,,,,,,
,,,,,,,,,127.70841780215626,52.95566502463054,4,,,,,,
,,,,,,,,,127.70841780215626,53.01724137931035,4,,,,,,
,,,,,,,,,127.70841780215626,53.07881773399015,4,,,,,,
,,,,,,,,,127.70841780215626,53.14039408866995,4,,,,,,
,,,,,,,,,127.70841780215626,53.20197044334976,4,,,,,,
,,,,,,,,,127.70841780215626,53.26354679802956,4,,,,,,
,,,,,,,,,127.70841780215626,53.32512315270936,4,,,,,,
,,,,,,,,,127.70841780215626,53.38669950738916,4,,,,,,
,,,,,,,,,127.70841780215626,53.44827586206897,4,,,,,,
,,,,,,,,,127.70841780215626,53.50985221674877,4,,,,,,
,,,,,,,,,127.70841780215626,53.57142857142857,4,,,,,,
,,,,,,,,,127.70841780215626,53.63300492610838,4,,,,,,
,,,,,,,,,127.70841780215626,53.69458128078818,4,,,,,,
,,,,,,,,,127.70841780215626,53.75615763546798,4,,,,,,
,,,,,,,,,127.70841780215626,53.81773399014779,4,,,,,,
,,,,,,,,,127.70841780215626,53.87931034482759,4,,,,,,
,,,,,,,,,127.70841780215626,53.94088669950739,4,,,,,,
,,,,,,,,,127.70841780215626,54.002463054187196,4,,,,,,
,,,,,,,,,127.70841780215626,54.064039408866996,4,,,,,,
,,,,,,,,,127.70841780215626,54.1256157635468,4,,,,,,
,,,,,,,,,127.70841780215626,54.187192118226605,4,,,,,,
,,,,,,,,,127.70841780215626,54.248768472906406,4,,,,,,
,,,,,,,,,127.70841780215626,54.310344827586206,4,,,,,,
,,,,,,,,,127.70841780215626,54.371921182266014,4,,,,,,
,,,,,,,,,127.70841780215626,54.433497536945815,4,,,,,,
,,,,,,,,,127.70841780215626,54.495073891625616,4,,,,,,
,,,,,,,,,127.70841780215626,54.556650246305416,4,,,,,,
,,,,,,,,,127.70841780215626,54.618226600985224,4,,,,,,
,,,,,,,,,127.70841780215626,54.679802955665025,4,,,,,,
,,,,,,,,,127.70841780215626,54.741379310344826,4,,,,,,
,,,,,,,,,127.70841780215626,54.80295566502463,4,,,,,,
,,,,,,,,,127.70841780215626,54.864532019704434,4,,,,,,
,,,,,,,,,127.70841780215626,54.926108374384235,4,,,,,,
,,,,,,,,,127.70841780215626,54.98768472906404,4,,,,,,
,,,,,,,,,127.70841780215626,55.04926108374384,4,,,,,,
,,,,,,,,,127.70841780215626,55.110837438423644,4,,,,,,
,,,,,,,,,127.70841780215626,55.17241379310345,4,,,,,,
,,,,,,,,,127.70841780215626,55.23399014778325,4,,,,,,
,,,,,,,,,127.70841780215626,55.29556650246305,4,,,,,,
,,,,,,,,,127.70841780215626,55.35714285714286,4,,,,,,
,,,,,,,,,127.70841780215626,55.41871921182266,4,,,,,,
,,,,,,,,,127.70841780215626,55.48029556650246,4,,,,,,
,,,,,,,,,127.70841780215626,55.54187192118227,4,,,,,,
,,,,,,,,,127.70841780215626,55.60344827586207,4,,,,,,
,,,,,,,,,127.70841780215626,55.66502463054187,4,,,,,,
,,,,,,,,,127.70841780215626,55.72660098522167,4,,,,,,
,,,,,,,,,127.70841780215626,55.78817733990148,4,,,,,,
,,,,,,,,,127.70841780215626,55.84975369458128,4,,,,,,
,,,,,,,,,127.70841780215626,55.91133004926108,4,,,,,,
,,,,,,,,,127.70841780215626,55.97290640394089,4,,,,,,
,,,,,,,,,127.70841780215626,56.03448275862069,4,,,,,,
,,,,,,,,,127.70841780215626,56.09605911330049,4,,,,,,
,,,,,,,,,127.70841780215626,56.1576354679803,4,,,,,,
,,,,,,,,,127.70841780215628,56.2192118226601,4,,,,,,
,,,,,,,,,127.70841780215628,56.2807881773399,4,,,,,,
,,,,,,,,,127.70841780215628,56.34236453201971,4,,,,,,
,,,,,,,,,127.70841780215628,56.40394088669951,4,,,,,,
,,,,,,,,,127.70841780215628,56.46551724137931,4,,,,,,
,,,,,,,,,127.70841780215628,56.52709359605912,4,,,,,,
,,,,,,,,,127.70841780215628,56.58866995073892,4,,,,,,
,,,,,,,,,127.70841780215628,56.65024630541872,4,,,,,,
,,,,,,,,,127.70841780215628,56.71182266009853,4,,,,,,
,,,,,,,,,127.70841780215628,56.77339901477833,4,,,,,,
,,,,,,,,,127.70841780215628,56.83497536945813,4,,,,,,
,,,,,,,,,127.70841780215628,56.89655172413793,4,,,,,,
,,,,,,,,,127.70841780215628,56.95812807881774,4,,,,,,
,,,,,,,,,127.70841780215628,57.01970443349754,4,,,,,,
,,,,,,,,,127.70841780215628,57.08128078817734,4,,,,,,
,,,,,,,,,127.70841780215628,57.142857142857146,4,,,,,,
,,,,,,,,,127.70841780215628,57.20443349753695,4,,,,,,
,,,,,,,,,127.70841780215628,57.26600985221675,4,,,,,,
,,,,,,,,,127.70841780215628,57.327586206896555,4,,,,,,
,,,,,,,,,127.70841780215628,57.389162561576356,4,,,,,,
,,,,,,,,,127.70841780215628,57.45073891625616,4,,,,,,
,,,,,,,,,127.70841780215628,57.512315270935964,4,,,,,,
,,,,,,,,,127.70841780215628,57.573891625615765,4,,,,,,
,,,,,,,,,127.70841780215628,57.635467980295566,4,,,,,,
,,,,,,,,,127.70841780215628,57.697044334975374,4,,,,,,
,,,,,,,,,127.70841780215628,57.758620689655174,4,,,,,,
,,,,,,,,,127.70841780215628,57.820197044334975,4,,,,,,
,,,,,,,,,127.70841780215628,57.88177339901478,4,,,,,,
,,,,,,,,,127.70841780215628,57.943349753694584,4,,,,,,
,,,,,,,,,127.70841780215628,58.004926108374384,4,,,,,,
,,,,,,,,,127.70841780215628,58.066502463054185,4,,,,,,
,,,,,,,,,127.70841780215628,58.12807881773399,4,,,,,,
,,,,,,,,,127.70841780215628,58.189655172413794,4,,,,,,
,,,,,,,,,127.70841780215628,58.251231527093594,4,,,,,,
,,,,,,,,,127.70841780215628,58.3128078817734,4,,,,,,
,,,,,,,,,127.70841780215628,58.3743842364532,4,,,,,,
,,,,,,,,,127.70841780215628,58.435960591133004,4,,,,,,
,,,,,,,,,127.70841780215628,58.49753694581281,4,,,,,,
,,,,,,,,,127.70841780215628,58.55911330049261,4,,,,,,
,,,,,,,,,127.70841780215628,58.62068965517241,4,,,,,,
,,,,,,,,,127.70841780215628,58.68226600985222,4,,,,,,
,,,,,,,,,127.70841780215628,58.74384236453202,4,,,,,,
,,,,,,,,,127.70841780215628,58.80541871921182,4,,,,,,
,,,,,,,,,127.70841780215628,58.86699507389163,4,,,,,,
,,,,,,,,,127.70841780215628,58.92857142857143,4,,,,,,
,,,,,,,,,127.70841780215628,58.99014778325123,4,,,,,,
,,,,,,,,,127.70841780215628,59.05172413793103,4,,,,,,
,,,,,,,,,127.70841780215628,59.11330049261084,4,,,,,,
,,,,,,,,,127.70841780215628,59.17487684729064,4,,,,,,
,,,,,,,,,127.70841780215628,59.23645320197044,4,,,,,,
,,,,,,,,,127.70841780215628,59.29802955665025,4,,,,,,
,,,,,,,,,127.70841780215628,59.35960591133005,4,,,,,,
,,,,,,,,,127.70841780215628,59.42118226600985,4,,,,,,
,,,,,,,,,127.70841780215628,59.48275862068966,4,,,,,,
,,,,,,,,,127.70841780215628,59.54433497536946,4,,,,,,
,,,,,,,,,127.70841780215628,59.60591133004926,4,,,,,,
,,,,,,,,,127.70841780215628,59.66748768472907,4,,,,,,
,,,,,,,,,127.70841780215628,59.72906403940887,4,,,,,,
,,,,,,,,,127.70841780215628,59.79064039408867,4,,,,,,
,,,,,,,,,127.70841780215628,59.85221674876848,4,,,,,,
,,,,,,,,,127.70841780215628,59.91379310344828,4,,,,,,
,,,,,,,,,127.70841780215628,59.97536945812808,4,,,,,,
,,,,,,,,,127.70841780215628,60.036945812807886,4,,,,,,
,,,,,,,,,127.70841780215628,60.09852216748769,4,,,,,,
,,,,,,,,,127.70841780215628,60.16009852216749,4,,,,,,
,,,,,,,,,127.70841780215628,60.22167487684729,4,,,,,,
,,,,,,,,,127.70841780215628,60.283251231527096,4,,,,,,
,,,,,,,,,127.70841780215628,60.3448275862069,4,,,,,,
,,,,,,,,,127.70841780215628,60.4064039408867,4,,,,,,
,,,,,,,,,127.70841780215628,60.467980295566505,4,,,,,,
,,,,,,,,,127.70841780215629,60.529556650246306,4,,,,,,
,,,,,,,,,127.70841780215629,60.59113300492611,4,,,,,,
,,,,,,,,,127.70841780215629,60.652709359605915,4,,,,,,
,,,,,,,,,127.70841780215629,60.714285714285715,4,,,,,,
,,,,,,,,,127.70841780215629,60.775862068965516,4,,,,,,
,,,,,,,,,127.70841780215629,60.837438423645324,4,,,,,,
,,,,,,,,,127.70841780215629,60.899014778325125,4,,,,,,
,,,,,,,,,127.70841780215629,60.960591133004925,4,,,,,,
,,,,,,,,,127.70841780215629,61.02216748768473,4,,,,,,
,,,,,,,,,127.70841780215629,61.083743842364534,4,,,,,,
,,,,,,,,,127.70841780215629,61.145320197044335,4,,,,,,
,,,,,,,,,127.70841780215629,61.20689655172414,4,,,,,,
,,,,,,,,,127.70841780215629,61.26847290640394,4,,,,,,
,,,,,,,,,127.70841780215629,61.330049261083744,4,,,,,,
,,,,,,,,,127.70841780215629,61.391625615763544,4,,,,,,
,,,,,,,,,127.70841780215629,61.45320197044335,4,,,,,,
,,,,,,,,,127.70841780215629,61.51477832512315,4,,,,,,
,,,,,,,,,127.70841780215629,61.576354679802954,4,,,,,,
,,,,,,,,,127.70841780215629,61.63793103448276,4,,,,,,
,,,,,,,,,127.70841780215629,61.69950738916256,4,,,,,,
,,,,,,,,,127.70841780215629,61.76108374384236,4,,,,,,
,,,,,,,,,127.70841780215629,61.82266009852217,4,,,,,,
,,,,,,,,,127.70841780215629,61.88423645320197,4,,,,,,
,,,,,,,,,127.70841780215629,61.94581280788177,4,,,,,,
,,,,,,,,,127.70841780215629,62.00738916256158,4,,,,,,
,,,,,,,,,127.70841780215629,62.06896551724138,4,,,,,,
,,,,,,,,,127.70841780215629,62.13054187192118,4,,,,,,
,,,,,,,,,127.70841780215629,62.19211822660099,4,,,,,,
,,,,,,,,,127.70841780215629,62.25369458128079,4,,,,,,
,,,,,,,,,127.70841780215629,62.31527093596059,4,,,,,,
,,,,,,,,,127.70841780215629,62.3768472906404,4,,,,,,
,,,,,,,,,127.70841780215629,62.4384236453202,4,,,,,,
,,,,,,,,,127.70841780215629,62.5,4,,,,,,
,,,,,,,,,127.70841780215629,62.5615763546798,4,,,,,,
,,,,,,,,,127.70841780215629,62.62315270935961,4,,,,,,
,,,,,,,,,127.70841780215629,62.68472906403941,4,,,,,,
,,,,,,,,,127.70841780215629,62.74630541871921,4,,,,,,
,,,,,,,,,127.70841780215629,62.80788177339902,4,,,,,,
,,,,,,,,,127.70841780215629,62.86945812807882,4,,,,,,
,,,,,,,,,127.70841780215629,62.93103448275862,4,,,,,,
,,,,,,,,,127.70841780215629,62.99261083743843,4,,,,,,
,,,,,,,,,127.70841780215629,63.05418719211823,4,,,,,,
,,,,,,,,,127.70841780215629,63.11576354679803,4,,,,,,
,,,,,,,,,127.70841780215629,63.177339901477836,4,,,,,,
,,,,,,,,,127.70841780215629,63.23891625615764,4,,,,,,
,,,,,,,,,127.70841780215629,63.30049261083744,4,,,,,,
,,,,,,,,,127.70841780215629,63.362068965517246,4,,,,,,
,,,,,,,,,127.70841780215629,63.423645320197046,4,,,,,,
,,,,,,,,,127.70841780215629,63.48522167487685,4,,,,,,
,,,,,,,,,127.70841780215629,63.546798029556655,4,,,,,,
,,,,,,,,,127.70841780215629,63.608374384236456,4,,,,,,
,,,,,,,,,127.70841780215629,63.669950738916256,4,,,,,,
,,,,,,,,,127.70841780215629,63.73152709359606,4,,,,,,
,,,,,,,,,127.70841780215629,63.793103448275865,4,,,,,,
,,,,,,,,,127.70841780215629,63.854679802955665,4,,,,,,
,,,,,,,,,127.70841780215629,63.916256157635466,4,,,,,,
,,,,,,,,,127.70841780215629,63.977832512315274,4,,,,,,
,,,,,,,,,127.70841780215629,64.03940886699507,4,,,,,,
,,,,,,,,,127.70841780215629,64.10098522167488,4,,,,,,
,,,,,,,,,127.70841780215629,64.16256157635468,4,,,,,,
,,,,,,,,,127.70841780215629,64.22413793103448,4,,,,,,
,,,,,,,,,127.70841780215629,64.28571428571429,4,,,,,,
,,,,,,,,,127.70841780215629,64.34729064039409,4,,,,,,
,,,,,,,,,127.70841780215629,64.4088669950739,4,,,,,,
,,,,,,,,,127.70841780215629,64.4704433497537,4,,,,,,
,,,,,,,,,127.70841780215629,64.5320197044335,4,,,,,,
,,,,,,,,,127.70841780215629,64.5935960591133,4,,,,,,
,,,,,,,,,127.70841780215629,64.65517241379311,4,,,,,,
,,,,,,,,,127.70841780215629,64.71674876847291,4,,,,,,
,,,,,,,,,127.70841780215629,64.77832512315271,4,,,,,,
,,,,,,,,,127.70841780215629,64.83990147783251,4,,,,,,
,,,,,,,,,127.70841780215629,64.90147783251231,4,,,,,,
,,,,,,,,,127.70841780215629,64.96305418719211,4,,,,,,
,,,,,,,,,127.70841780215629,65.02463054187193,4,,,,,,
,,,,,,,,,127.70841780215629,65.08620689655173,4,,,,,,
,,,,,,,,,127.70841780215629,65.14778325123153,4,,,,,,
,,,,,,,,,127.70841780215629,65.20935960591133,4,,,,,,
,,,,,,,,,127.70841780215629,65.27093596059113,4,,,,,,
,,,,,,,,,127.70841780215629,65.33251231527093,4,,,,,,
,,,,,,,,,127.70841780215629,65.39408866995073,4,,,,,,
,,,,,,,,,127.70841780215629,65.45566502463055,4,,,,,,
,,,,,,,,,127.70841780215629,65.51724137931035,4,,,,,,
,,,,,,,,,127.70841780215629,65.57881773399015,4,,,,,,
,,,,,,,,,127.70841780215629,65.64039408866995,4,,,,,,
,,,,,,,,,127.70841780215629,65.70197044334975,4,,,,,,
,,,,,,,,,127.70841780215629,65.76354679802955,4,,,,,,
,,,,,,,,,127.70841780215629,65.82512315270937,4,,,,,,
,,,,,,,,,127.70841780215629,65.88669950738917,4,,,,,,
,,,,,,,,,127.70841780215629,65.94827586206897,4,,,,,,
,,,,,,,,,127.70841780215629,66.00985221674877,4,,,,,,
,,,,,,,,,127.70841780215629,66.07142857142857,4,,,,,,
,,,,,,,,,127.70841780215629,66.13300492610837,4,,,,,,
,,,,,,,,,127.70841780215629,66.19458128078819,4,,,,,,
,,,,,,,,,127.70841780215629,66.25615763546799,4,,,,,,
,,,,,,,,,127.70841780215629,66.31773399014779,4,,,,,,
,,,,,,,,,127.70841780215629,66.37931034482759,4,,,,,,
,,,,,,,,,127.70841780215629,66.44088669950739,4,,,,,,
,,,,,,,,,127.70841780215629,66.50246305418719,4,,,,,,
,,,,,,,,,127.70841780215629,66.56403940886699,4,,,,,,
,,,,,,,,,127.70841780215629,66.6256157635468,4,,,,,,
,,,,,,,,,127.70841780215629,66.6871921182266,4,,,,,,
,,,,,,,,,127.70841780215629,66.7487684729064,4,,,,,,
,,,,,,,,,127.70841780215629,66.8103448275862,4,,,,,,
,,,,,,,,,127.70841780215629,66.87192118226601,4,,,,,,
,,,,,,,,,127.70841780215629,66.93349753694581,4,,,,,,
,,,,,,,,,127.70841780215629,66.99507389162562,4,,,,,,
,,,,,,,,,127.70841780215629,67.05665024630542,4,,,,,,
,,,,,,,,,127.70841780215629,67.11822660098522,4,,,,,,
,,,,,,,,,127.70841780215629,67.17980295566502,4,,,,,,
,,,,,,,,,127.70841780215629,67.24137931034483,4,,,,,,
,,,,,,,,,127.70841780215629,67.30295566502463,4,,,,,,
,,,,,,,,,127.70841780215629,67.36453201970444,4,,,,,,
,,,,,,,,,127.70841780215629,67.42610837438424,4,,,,,,
,,,,,,,,,127.70841780215629,67.48768472906404,4,,,,,,
,,,,,,,,,127.70841780215629,67.54926108374384,4,,,,,,
,,,,,,,,,127.70841780215629,67.61083743842364,4,,,,,,
,,,,,,,,,127.70841780215629,67.67241379310344,4,,,,,,
,,,,,,,,,127.70841780215629,67.73399014778325,4,,,,,,
,,,,,,,,,127.70841780215629,67.79556650246306,4,,,,,,
,,,,,,,,,127.70841780215629,67.85714285714286,4,,,,,,
,,,,,,,,,127.70841780215629,67.91871921182266,4,,,,,,
,,,,,,,,,127.70841780215629,67.98029556650246,4,,,,,,
,,,,,,,,,127.70841780215629,68.04187192118226,4,,,,,,
,,,,,,,,,127.70841780215629,68.10344827586206,4,,,,,,
,,,,,,,,,127.70841780215629,68.16502463054188,4,,,,,,
,,,,,,,,,127.70841780215629,68.22660098522168,4,,,,,,
,,,,,,,,,127.70841780215629,68.28817733990148,4,,,,,,
,,,,,,,,,127.70841780215629,68.34975369458128,4,,,,,,
,,,,,,,,,127.70841780215629,68.41133004926108,4,,,,,,
,,,,,,,,,127.70841780215629,68.47290640394088,4,,,,,,
,,,,,,,,,127.70841780215629,68.5344827586207,4,,,,,,
,,,,,,,,,127.70841780215629,68.5960591133005,4,,,,,,
,,,,,,,,,127.70841780215629,68.6576354679803,4,,,,,,
,,,,,,,,,127.70841780215629,68.7192118226601,4,,,,,,
,,,,,,,,,127.70841780215629,68.7807881773399,4,,,,,,
,,,,,,,,,127.70841780215629,68.8423645320197,4,,,,,,
,,,,,,,,,127.70841780215629,68.9039408866995,4,,,,,,
,,,,,,,,,127.70841780215629,68.96551724137932,4,,,,,,
,,,,,,,,,127.70841780215629,69.02709359605912,4,,,,,,
,,,,,,,,,127.70841780215629,69.08866995073892,4,,,,,,
,,,,,,,,,127.70841780215629,69.15024630541872,4,,,,,,
,,,,,,,,,127.7084178021563,69.21182266009852,4,,,,,,
,,,,,,,,,127.7084178021563,69.27339901477832,4,,,,,,
,,,,,,,,,127.7084178021563,69.33497536945814,4,,,,,,
,,,,,,,,,127.7084178021563,69.39655172413794,4,,,,,,
,,,,,,,,,127.7084178021563,69.45812807881774,4,,,,,,
,,,,,,,,,127.7084178021563,69.51970443349754,4,,,,,,
,,,,,,,,,127.7084178021563,69.58128078817734,4,,,,,,
,,,,,,,,,127.7084178021563,69.64285714285714,4,,,,,,
,,,,,,,,,127.7084178021563,69.70443349753695,4,,,,,,
,,,,,,,,,127.7084178021563,69.76600985221675,4,,,,,,
,,,,,,,,,127.7084178021563,69.82758620689656,4,,,,,,
,,,,,,,,,127.7084178021563,69.88916256157636,4,,,,,,
,,,,,,,,,127.7084178021563,69.95073891625616,4,,,,,,
,,,,,,,,,127.7084178021563,70.01231527093596,4,,,,,,
,,,,,,,,,127.7084178021563,70.07389162561576,4,,,,,,
,,,,,,,,,127.7084178021563,70.13546798029557,4,,,,,,
,,,,,,,,,127.7084178021563,70.19704433497537,4,,,,,,
,,,,,,,,,127.7084178021563,70.25862068965517,4,,,,,,
,,,,,,,,,127.7084178021563,70.32019704433498,4,,,,,,
,,,,,,,,,127.7084178021563,70.38177339901478,4,,,,,,
,,,,,,,,,127.7084178021563,70.44334975369458,4,,,,,,
,,,,,,,,,127.7084178021563,70.50492610837439,4,,,,,,
,,,,,,,,,127.7084178021563,70.56650246305419,4,,,,,,
,,,,,,,,,127.7084178021563,70.62807881773399,4,,,,,,
,,,,,,,,,127.7084178021563,70.6896551724138,4,,,,,,
,,,,,,,,,127.7084178021563,70.7512315270936,4,,,,,,
,,,,,,,,,127.7084178021563,70.8128078817734,4,,,,,,
,,,,,,,,,127.7084178021563,70.87438423645321,4,,,,,,
,,,,,,,,,127.7084178021563,70.93596059113301,4,,,,,,
,,,,,,,,,127.7084178021563,70.99753694581281,4,,,,,,
,,,,,,,,,127.7084178021563,71.05911330049261,4,,,,,,
,,,,,,,,,127.7084178021563,71.12068965517241,4,,,,,,
,,,,,,,,,127.7084178021563,71.18226600985221,4,,,,,,
,,,,,,,,,127.7084178021563,71.24384236453201,4,,,,,,
,,,,,,,,,127.7084178021563,71.30541871921183,4,,,,,,
,,,,,,,,,127.7084178021563,71.36699507389163,4,,,,,,
,,,,,,,,,127.7084178021563,71.42857142857143,4,,,,,,
,,,,,,,,,127.7084178021563,71.49014778325123,4,,,,,,
,,,,,,,,,127.7084178021563,71.55172413793103,4,,,,,,
,,,,,,,,,127.7084178021563,71.61330049261083,4,,,,,,
,,,,,,,,,127.7084178021563,71.67487684729065,4,,,,,,
,,,,,,,,,127.7084178021563,71.73645320197045,4,,,,,,
,,,,,,,,,127.7084178021563,71.79802955665025,4,,,,,,
,,,,,,,,,127.7084178021563,71.85960591133005,4,,,,,,
,,,,,,,,,127.7084178021563,71.92118226600985,4,,,,,,
,,,,,,,,,127.7084178021563,71.98275862068965,4,,,,,,
,,,,,,,,,127.7084178021563,72.04433497536947,4,,,,,,
,,,,,,,,,127.7084178021563,72.10591133004927,4,,,,,,
,,,,,,,,,127.7084178021563,72.16748768472907,4,,,,,,
,,,,,,,,,127.7084178021563,72.22906403940887,4,,,,,,
,,,,,,,,,127.7084178021563,72.29064039408867,4,,,,,,
,,,,,,,,,127.7084178021563,72.35221674876847,4,,,,,,
,,,,,,,,,127.7084178021563,72.41379310344827,4,,,,,,
,,,,,,,,,127.7084178021563,72.47536945812809,4,,,,,,
,,,,,,,,,127.7084178021563,72.53694581280789,4,,,,,,
,,,,,,,,,127.7084178021563,72.59852216748769,4,,,,,,
,,,,,,,,,127.7084178021563,72.66009852216749,4,,,,,,
,,,,,,,,,127.7084178021563,72.72167487684729,4,,,,,,
,,,,,,,,,127.7084178021563,72.78325123152709,4,,,,,,
,,,,,,,,,127.7084178021563,72.8448275862069,4,,,,,,
,,,,,,,,,127.7084178021563,72.9064039408867,4,,,,,,
,,,,,,,,,127.7084178021563,72.9679802955665,4,,,,,,
,,,,,,,,,127.7084178021563,73.0295566502463,4,,,,,,
,,,,,,,,,127.7084178021563,73.0911330049261,4,,,,,,
,,,,,,,,,127.7084178021563,73.15270935960591,4,,,,,,
,,,,,,,,,127.7084178021563,73.21428571428572,4,,,,,,
,,,,,,,,,127.7084178021563,73.27586206896552,4,,,,,,
,,,,,,,,,127.7084178021563,73.33743842364532,4,,,,,,
,,,,,,,,,127.7084178021563,73.39901477832512,4,,,,,,
,,,,,,,,,127.7084178021563,73.46059113300493,4,,,,,,
,,,,,,,,,127.7084178021563,73.52216748768473,4,,,,,,
,,,,,,,,,127.7084178021563,73.58374384236453,4,,,,,,
,,,,,,,,,127.7084178021563,73.64532019704434,4,,,,,,
,,,,,,,,,127.7084178021563,73.70689655172414,4,,,,,,
,,,,,,,,,127.7084178021563,73.76847290640394,4,,,,,,
,,,,,,,,,127.7084178021563,73.83004926108374,4,,,,,,
,,,,,,,,,127.7084178021563,73.89162561576354,4,,,,,,
,,,,,,,,,127.7084178021563,73.95320197044335,4,,,,,,
,,,,,,,,,127.7084178021563,74.01477832512316,4,,,,,,
,,,,,,,,,127.7084178021563,74.07635467980296,4,,,,,,
,,,,,,,,,127.70841780215632,74.13793103448276,4,,,,,,
,,,,,,,,,127.70841780215632,74.19950738916256,4,,,,,,
,,,,,,,,,127.70841780215632,74.26108374384236,4,,,,,,
,,,,,,,,,127.70841780215632,74.32266009852216,4,,,,,,
,,,,,,,,,127.70841780215632,74.38423645320198,4,,,,,,
,,,,,,,,,127.70841780215632,74.44581280788178,4,,,,,,
,,,,,,,,,127.70841780215632,74.50738916256158,4,,,,,,
,,,,,,,,,127.70841780215632,74.56896551724138,4,,,,,,
,,,,,,,,,127.70841780215632,74.63054187192118,4,,,,,,
,,,,,,,,,127.70841780215632,74.69211822660098,4,,,,,,
,,,,,,,,,127.70841780215632,74.75369458128078,4,,,,,,
,,,,,,,,,127.70841780215632,74.8152709359606,4,,,,,,
,,,,,,,,,127.70841780215632,74.8768472906404,4,,,,,,
,,,,,,,,,127.70841780215632,74.9384236453202,4,,,,,,
,,,,,,,,,127.70841780215632,75.0,4,,,,,,
,,,,,,,,,127.70841780215632,75.0615763546798,4,,,,,,
,,,,,,,,,127.70841780215632,75.1231527093596,4,,,,,,
,,,,,,,,,127.70841780215632,75.18472906403942,4,,,,,,
,,,,,,,,,127.70841780215632,75.24630541871922,4,,,,,,
,,,,,,,,,127.70841780215632,75.30788177339902,4,,,,,,
,,,,,,,,,127.70841780215632,75.36945812807882,4,,,,,,
,,,,,,,,,127.70841780215632,75.43103448275862,4,,,,,,
,,,,,,,,,127.70841780215632,75.49261083743842,4,,,,,,
,,,,,,,,,127.70841780215632,75.55418719211823,4,,,,,,
,,,,,,,,,127.70841780215632,75.61576354679804,4,,,,,,
,,,,,,,,,127.70841780215632,75.67733990147784,4,,,,,,
,,,,,,,,,127.70841780215632,75.73891625615764,4,,,,,,
,,,,,,,,,127.70841780215632,75.80049261083744,4,,,,,,
,,,,,,,,,127.70841780215632,75.86206896551724,4,,,,,,
,,,,,,,,,127.70841780215632,75.92364532019704,4,,,,,,
,,,,,,,,,127.70841780215632,75.98522167487685,4,,,,,,
,,,,,,,,,127.70841780215632,76.04679802955665,4,,,,,,
,,,,,,,,,127.70841780215632,76.10837438423646,4,,,,,,
,,,,,,,,,127.70841780215632,76.16995073891626,4,,,,,,
,,,,,,,,,127.70841780215632,76.23152709359606,4,,,,,,
,,,,,,,,,127.70841780215632,76.29310344827586,4,,,,,,
,,,,,,,,,127.70841780215632,76.35467980295567,4,,,,,,
,,,,,,,,,127.70841780215632,76.41625615763547,4,,,,,,
,,,,,,,,,127.70841780215632,76.47783251231527,4,,,,,,
,,,,,,,,,127.70841780215632,76.53940886699507,4,,,,,,
,,,,,,,,,127.70841780215632,76.60098522167488,4,,,,,,
,,,,,,,,,127.70841780215632,76.66256157635468,4,,,,,,
,,,,,,,,,127.70841780215632,76.72413793103449,4,,,,,,
,,,,,,,,,127.70841780215632,76.78571428571429,4,,,,,,
,,,,,,,,,127.70841780215632,76.84729064039409,4,,,,,,
,,,,,,,,,127.70841780215632,76.9088669950739,4,,,,,,
,,,,,,,,,127.70841780215632,76.9704433497537,4,,,,,,
,,,,,,,,,127.70841780215632,77.0320197044335,4,,,,,,
,,,,,,,,,127.70841780215632,77.0935960591133,4,,,,,,
,,,,,,,,,127.70841780215632,77.15517241379311,4,,,,,,
,,,,,,,,,127.70841780215632,77.21674876847291,4,,,,,,
,,,,,,,,,127.70841780215632,77.27832512315271,4,,,,,,
,,,,,,,,,127.70841780215632,77.33990147783251,4,,,,,,
,,,,,,,,,127.70841780215632,77.40147783251231,4,,,,,,
,,,,,,,,,127.70841780215632,77.46305418719211,4,,,,,,
,,,,,,,,,127.70841780215632,77.52463054187193,4,,,,,,
,,,,,,,,,127.70841780215632,77.58620689655173,4,,,,,,
,,,,,,,,,127.70841780215632,77.64778325123153,4,,,,,,
,,,,,,,,,127.70841780215632,77.70935960591133,4,,,,,,
,,,,,,,,,127.70841780215632,77.77093596059113,4,,,,,,
,,,,,,,,,127.70841780215632,77.83251231527093,4,,,,,,
,,,,,,,,,127.70841780215632,77.89408866995075,4,,,,,,
,,,,,,,,,127.70841780215633,77.95566502463055,4,,,,,,
,,,,,,,,,127.70841780215633,78.01724137931035,4,,,,,,
,,,,,,,,,127.70841780215633,78.07881773399015,4,,,,,,
,,,,,,,,,127.70841780215633,78.14039408866995,4,,,,,,
,,,,,,,,,127.70841780215633,78.20197044334975,4,,,,,,
,,,,,,,,,127.70841780215633,78.26354679802955,4,,,,,,
,,,,,,,,,127.70841780215633,78.32512315270937,4,,,,,,
,,,,,,,,,127.70841780215633,78.38669950738917,4,,,,,,
,,,,,,,,,127.70841780215633,78.44827586206897,4,,,,,,
,,,,,,,,,127.70841780215633,78.50985221674877,4,,,,,,
,,,,,,,,,127.70841780215633,78.57142857142857,4,,,,,,
,,,,,,,,,127.70841780215633,78.63300492610837,4,,,,,,
,,,,,,,,,127.70841780215633,78.69458128078819,4,,,,,,
,,,,,,,,,127.70841780215633,78.75615763546799,4,,,,,,
,,,,,,,,,127.70841780215633,78.81773399014779,4,,,,,,
,,,,,,,,,127.70841780215633,78.87931034482759,4,,,,,,
,,,,,,,,,127.70841780215633,78.94088669950739,4,,,,,,
,,,,,,,,,127.70841780215633,79.00246305418719,4,,,,,,
,,,,,,,,,127.70841780215633,79.064039408867,4,,,,,,
,,,,,,,,,127.70841780215633,79.1256157635468,4,,,,,,
,,,,,,,,,127.70841780215633,79.1871921182266,4,,,,,,
,,,,,,,,,127.70841780215633,79.2487684729064,4,,,,,,
,,,,,,,,,127.70841780215633,79.3103448275862,4,,,,,,
,,,,,,,,,127.70841780215633,79.37192118226601,4,,,,,,
,,,,,,,,,127.70841780215633,79.43349753694581,4,,,,,,
,,,,,,,,,127.70841780215633,79.49507389162562,4,,,,,,
,,,,,,,,,127.70841780215633,79.55665024630542,4,,,,,,
,,,,,,,,,127.70841780215633,79.61822660098522,4,,,,,,
,,,,,,,,,127.70841780215633,79.67980295566502,4,,,,,,
,,,,,,,,,127.70841780215633,79.74137931034483,4,,,,,,
,,,,,,,,,127.70841780215633,79.80295566502463,4,,,,,,
,,,,,,,,,127.70841780215633,79.86453201970444,4,,,,,,
,,,,,,,,,127.70841780215633,79.92610837438424,4,,,,,,
,,,,,,,,,127.70841780215633,79.98768472906404,4,,,,,,
,,,,,,,,,127.70841780215633,80.04926108374384,4,,,,,,
,,,,,,,,,127.70841780215633,80.11083743842364,4,,,,,,
,,,,,,,,,127.70841780215633,80.17241379310344,4,,,,,,
,,,,,,,,,127.70841780215633,80.23399014778326,4,,,,,,
,,,,,,,,,127.70841780215633,80.29556650246306,4,,,,,,
,,,,,,,,,127.70841780215633,80.35714285714286,4,,,,,,
,,,,,,,,,127.70841780215633,80.41871921182266,4,,,,,,
,,,,,,,,,127.70841780215633,80.48029556650246,4,,,,,,
,,,,,,,,,127.70841780215633,80.54187192118226,4,,,,,,
,,,,,,,,,127.70841780215633,80.60344827586206,4,,,,,,
,,,,,,,,,127.70841780215633,80.66502463054188,4,,,,,,
,,,,,,,,,127.70841780215633,80.72660098522168,4,,,,,,
,,,,,,,,,127.70841780215635,80.78817733990148,4,,,,,,
,,,,,,,,,127.70841780215635,80.84975369458128,4,,,,,,
,,,,,,,,,127.70841780215635,80.91133004926108,4,,,,,,
,,,,,,,,,127.70841780215635,80.97290640394088,4,,,,,,
,,,,,,,,,127.70841780215635,81.0344827586207,4,,,,,,
,,,,,,,,,127.70841780215635,81.0960591133005,4,,,,,,
,,,,,,,,,127.70841780215635,81.1576354679803,4,,,,,,
,,,,,,,,,127.70841780215635,81.2192118226601,4,,,,,,
,,,,,,,,,127.70841780215635,81.2807881773399,4,,,,,,
,,,,,,,,,127.70841780215635,81.3423645320197,4,,,,,,
,,,,,,,,,127.70841780215635,81.4039408866995,4,,,,,,
,,,,,,,,,127.70841780215635,81.46551724137932,4,,,,,,
,,,,,,,,,127.70841780215635,81.52709359605912,4,,,,,,
,,,,,,,,,127.70841780215635,81.58866995073892,4,,,,,,
,,,,,,,,,127.70841780215635,81.65024630541872,4,,,,,,
,,,,,,,,,127.70841780215635,81.71182266009852,4,,,,,,
,,,,,,,,,127.70841780215635,81.77339901477832,4,,,,,,
,,,,,,,,,127.70841780215635,81.83497536945814,4,,,,,,
,,,,,,,,,127.70841780215635,81.89655172413794,4,,,,,,
,,,,,,,,,127.70841780215635,81.95812807881774,4,,,,,,
,,,,,,,,,127.70841780215635,82.01970443349754,4,,,,,,
,,,,,,,,,127.70841780215635,82.08128078817734,4,,,,,,
,,,,,,,,,127.70841780215635,82.14285714285714,4,,,,,,
,,,,,,,,,127.70841780215635,82.20443349753695,4,,,,,,
,,,,,,,,,127.70841780215635,82.26600985221675,4,,,,,,
,,,,,,,,,127.70841780215635,82.32758620689656,4,,,,,,
,,,,,,,,,127.70841780215635,82.38916256157636,4,,,,,,
,,,,,,,,,127.70841780215635,82.45073891625616,4,,,,,,
,,,,,,,,,127.70841780215635,82.51231527093596,4,,,,,,
,,,,,,,,,127.70841780215635,82.57389162561576,4,,,,,,
,,,,,,,,,127.70841780215635,82.63546798029557,4,,,,,,
,,,,,,,,,127.70841780215635,82.69704433497537,4,,,,,,
,,,,,,,,,127.70841780215635,82.75862068965517,4,,,,,,
,,,,,,,,,127.70841780215635,82.82019704433498,4,,,,,,
,,,,,,,,,127.70841780215635,82.88177339901478,4,,,,,,
,,,,,,,,,127.70841780215635,82.94334975369458,4,,,,,,
,,,,,,,,,127.70841780215636,83.00492610837439,4,,,,,,
,,,,,,,,,127.70841780215636,83.06650246305419,4,,,,,,
,,,,,,,,,127.70841780215636,83.12807881773399,4,,,,,,
,,,,,,,,,127.70841780215636,83.1896551724138,4,,,,,,
,,,,,,,,,127.70841780215636,83.2512315270936,4,,,,,,
,,,,,,,,,127.70841780215636,83.3128078817734,4,,,,,,
,,,,,,,,,127.70841780215636,83.37438423645321,4,,,,,,
,,,,,,,,,127.70841780215636,83.43596059113301,4,,,,,,
,,,,,,,,,127.70841780215636,83.49753694581281,4,,,,,,
,,,,,,,,,127.70841780215636,83.55911330049261,4,,,,,,
,,,,,,,,,127.70841780215636,83.62068965517241,4,,,,,,
,,,,,,,,,127.70841780215636,83.68226600985221,4,,,,,,
,,,,,,,,,127.70841780215638,83.74384236453201,4,,,,,,
,,,,,,,,,127.70841780215638,83.80541871921183,4,,,,,,
,,,,,,,,,127.70841780215638,83.86699507389163,4,,,,,,
,,,,,,,,,127.70841780215638,83.92857142857143,4,,,,,,
,,,,,,,,,127.70841780215638,83.99014778325123,4,,,,,,
,,,,,,,,,127.70841780215638,84.05172413793103,4,,,,,,
,,,,,,,,,127.70841780215638,84.11330049261083,4,,,,,,
,,,,,,,,,127.70841780215638,84.17487684729065,4,,,,,,
,,,,,,,,,127.70841780215638,84.23645320197045,4,,,,,,
,,,,,,,,,127.70841780215638,84.29802955665025,4,,,,,,
,,,,,,,,,127.70841780215638,84.35960591133005,4,,,,,,
,,,,,,,,,127.70841780215638,84.42118226600985,4,,,,,,
,,,,,,,,,127.70841780215638,84.48275862068965,4,,,,,,
,,,,,,,,,127.70841780215638,84.54433497536947,4,,,,,,
,,,,,,,,,127.70841780215638,84.60591133004927,4,,,,,,
,,,,,,,,,127.70841780215638,84.66748768472907,4,,,,,,
,,,,,,,,,127.70841780215638,84.72906403940887,4,,,,,,
,,,,,,,,,127.70841780215638,84.79064039408867,4,,,,,,
,,,,,,,,,127.70841780215638,84.85221674876847,4,,,,,,
,,,,,,,,,127.70841780215638,84.91379310344827,4,,,,,,
,,,,,,,,,127.70841780215638,84.97536945812809,4,,,,,,
,,,,,,,,,127.70841780215639,85.03694581280789,4,,,,,,
,,,,,,,,,127.70841780215639,85.09852216748769,4,,,,,,
,,,,,,,,,127.70841780215639,85.16009852216749,4,,,,,,
,,,,,,,,,127.70841780215639,85.22167487684729,4,,,,,,
,,,,,,,,,127.7084178021564,85.28325123152709,4,,,,,,
,,,,,,,,,127.7084178021564,85.3448275862069,4,,,,,,
,,,,,,,,,127.70841780215642,85.4064039408867,4,,,,,,
,,,,,,,,,127.70841780215643,85.4679802955665,4,,,,,,
,,,,,,,,,128.42795869460298,85.5295566502463,4,,,,,,
,,,,,,,,,128.427958694603,85.5911330049261,4,,,,,,
,,,,,,,,,128.427958694603,85.65270935960591,4,,,,,,
,,,,,,,,,128.42795869460303,85.71428571428572,4,,,,,,
,,,,,,,,,128.42795869460303,85.77586206896552,4,,,,,,
,,,,,,,,,128.42795869460303,85.83743842364532,4,,,,,,
,,,,,,,,,128.42795869460306,85.89901477832512,4,,,,,,
,,,,,,,,,128.42795869460306,85.96059113300493,4,,,,,,
,,,,,,,,,128.42795869460306,86.02216748768473,4,,,,,,
,,,,,,,,,128.42795869460306,86.08374384236453,4,,,,,,
,,,,,,,,,128.4279586946031,86.14532019704434,4,,,,,,
,,,,,,,,,128.4279586946031,86.20689655172414,4,,,,,,
,,,,,,,,,128.4279586946031,86.26847290640394,4,,,,,,
,,,,,,,,,128.42795869460312,86.33004926108374,4,,,,,,
,,,,,,,,,128.42795869460312,86.39162561576354,4,,,,,,
,,,,,,,,,128.42795869460315,86.45320197044335,4,,,,,,
,,,,,,,,,128.42795869460315,86.51477832512316,4,,,,,,
,,,,,,,,,128.4919050279364,86.57635467980296,4,,,,,,
,,,,,,,,,130.08790099673237,86.63793103448276,4,,,,,,
,,,,,,,,,130.09864980215622,86.69950738916256,4,,,,,,
,,,,,,,,,130.09864980215627,86.76108374384236,4,,,,,,
,,,,,,,,,130.09864980215627,86.82266009852216,4,,,,,,
,,,,,,,,,130.0986498021563,86.88423645320198,4,,,,,,
,,,,,,,,,130.0986498021563,86.94581280788178,4,,,,,,
,,,,,,,,,130.0986498021563,87.00738916256158,4,,,,,,
,,,,,,,,,130.0986498021563,87.06896551724138,4,,,,,,
,,,,,,,,,130.0986498021563,87.13054187192118,4,,,,,,
,,,,,,,,,130.09864980215633,87.19211822660098,4,,,,,,
,,,,,,,,,130.09864980215636,87.25369458128078,4,,,,,,
,,,,,,,,,130.09864980215636,87.3152709359606,4,,,,,,
,,,,,,,,,130.09864980215636,87.3768472906404,4,,,,,,
,,,,,,,,,130.09864980215636,87.4384236453202,4,,,,,,
,,,,,,,,,130.09864980215636,87.5,4,,,,,,
,,,,,,,,,130.09864980215636,87.5615763546798,4,,,,,,
,,,,,,,,,130.09864980215636,87.6231527093596,4,,,,,,
,,,,,,,,,130.09864980215636,87.68472906403942,4,,,,,,
,,,,,,,,,130.0986498021564,87.74630541871922,4,,,,,,
,,,,,,,,,130.0986498021564,87.80788177339902,4,,,,,,
,,,,,,,,,130.0986498021564,87.86945812807882,4,,,,,,
,,,,,,,,,130.0986498021564,87.93103448275862,4,,,,,,
,,,,,,,,,130.09864980215642,87.99261083743842,4,,,,,,
,,,,,,,,,130.09864980215642,88.05418719211823,4,,,,,,
,,,,,,,,,130.09864980215644,88.11576354679804,4,,,,,,
,,,,,,,,,130.09864980215644,88.17733990147784,4,,,,,,
,,,,,,,,,130.89680102793633,88.23891625615764,4,,,,,,
,,,,,,,,,130.89680102793636,88.30049261083744,4,,,,,,
,,,,,,,,,130.8968010279364,88.36206896551724,4,,,,,,
,,,,,,,,,130.8968010279364,88.42364532019704,4,,,,,,
,,,,,,,,,133.53405769460298,88.48522167487685,4,,,,,,
,,,,,,,,,133.53405769460298,88.54679802955665,4,,,,,,
,,,,,,,,,133.534057694603,88.60837438423646,4,,,,,,
,,,,,,,,,133.53405769460306,88.66995073891626,4,,,,,,
,,,,,,,,,133.5340576946031,88.73152709359606,4,,,,,,
,,,,,,,,,133.5340576946031,88.79310344827586,4,,,,,,
,,,,,,,,,137.74389669460305,88.85467980295567,4,,,,,,
,,,,,,,,,138.06257171882285,88.91625615763547,4,,,,,,
,,,,,,,,,138.06257171882288,88.97783251231527,4,,,,,,
,,,,,,,,,138.0625717188229,89.03940886699507,4,,,,,,
,,,,,,,,,138.0625717188229,89.10098522167488,4,,,,,,
,,,,,,,,,138.0625717188229,89.16256157635468,4,,,,,,
,,,,,,,,,138.0625717188229,89.22413793103449,4,,,,,,
,,,,,,,,,138.06257171882294,89.28571428571429,4,,,,,,
,,,,,,,,,138.06257171882294,89.34729064039409,4,,,,,,
,,,,,,,,,138.06257171882294,89.4088669950739,4,,,,,,
,,,,,,,,,138.06257171882294,89.4704433497537,4,,,,,,
,,,,,,,,,138.06257171882294,89.5320197044335,4,,,,,,
,,,,,,,,,138.06257171882294,89.5935960591133,4,,,,,,
,,,,,,,,,138.06257171882294,89.65517241379311,4,,,,,,
,,,,,,,,,138.06257171882294,89.71674876847291,4,,,,,,
,,,,,,,,,138.06257171882294,89.77832512315271,4,,,,,,
,,,,,,,,,138.06257171882294,89.83990147783251,4,,,,,,
,,,,,,,,,138.06257171882294,89.90147783251231,4,,,,,,
,,,,,,,,,138.06257171882294,89.96305418719211,4,,,,,,
,,,,,,,,,138.06257171882294,90.02463054187193,4,,,,,,
,,,,,,,,,138.06257171882294,90.08620689655173,4,,,,,,
,,,,,,,,,138.06257171882294,90.14778325123153,4,,,,,,
,,,,,,,,,138.06257171882297,90.20935960591133,4,,,,,,
,,,,,,,,,138.06257171882297,90.27093596059113,4,,,,,,
,,,,,,,,,138.06257171882297,90.33251231527093,4,,,,,,
,,,,,,,,,138.06257171882297,90.39408866995075,4,,,,,,
,,,,,,,,,138.06257171882297,90.45566502463055,4,,,,,,
,,,,,,,,,138.06257171882297,90.51724137931035,4,,,,,,
,,,,,,,,,138.06257171882297,90.57881773399015,4,,,,,,
,,,,,,,,,138.06257171882297,90.64039408866995,4,,,,,,
,,,,,,,,,138.06257171882297,90.70197044334975,4,,,,,,
,,,,,,,,,138.06257171882297,90.76354679802955,4,,,,,,
,,,,,,,,,138.06257171882297,90.82512315270937,4,,,,,,
,,,,,,,,,138.06257171882297,90.88669950738917,4,,,,,,
,,,,,,,,,138.06257171882297,90.94827586206897,4,,,,,,
,,,,,,,,,138.06257171882297,91.00985221674877,4,,,,,,
,,,,,,,,,138.06257171882297,91.07142857142857,4,,,,,,
,,,,,,,,,138.062571718823,91.13300492610837,4,,,,,,
,,,,,,,,,138.062571718823,91.19458128078819,4,,,,,,
,,,,,,,,,138.062571718823,91.25615763546799,4,,,,,,
,,,,,,,,,138.062571718823,91.31773399014779,4,,,,,,
,,,,,,,,,138.062571718823,91.37931034482759,4,,,,,,
,,,,,,,,,138.062571718823,91.44088669950739,4,,,,,,
,,,,,,,,,138.062571718823,91.50246305418719,4,,,,,,
,,,,,,,,,138.062571718823,91.564039408867,4,,,,,,
,,,,,,,,,138.062571718823,91.6256157635468,4,,,,,,
,,,,,,,,,138.062571718823,91.6871921182266,4,,,,,,
,,,,,,,,,138.062571718823,91.7487684729064,4,,,,,,
,,,,,,,,,138.062571718823,91.8103448275862,4,,,,,,
,,,,,,,,,138.062571718823,91.87192118226601,4,,,,,,
,,,,,,,,,138.062571718823,91.93349753694581,4,,,,,,
,,,,,,,,,138.062571718823,91.99507389162562,4,,,,,,
,,,,,,,,,138.062571718823,92.05665024630542,4,,,,,,
,,,,,,,,,138.062571718823,92.11822660098522,4,,,,,,
,,,,,,,,,138.062571718823,92.17980295566502,4,,,,,,
,,,,,,,,,138.062571718823,92.24137931034483,4,,,,,,
,,,,,,,,,138.062571718823,92.30295566502463,4,,,,,,
,,,,,,,,,138.062571718823,92.36453201970444,4,,,,,,
,,,,,,,,,138.062571718823,92.42610837438424,4,,,,,,
,,,,,,,,,138.062571718823,92.48768472906404,4,,,,,,
,,,,,,,,,138.062571718823,92.54926108374384,4,,,,,,
,,,,,,,,,138.062571718823,92.61083743842364,4,,,,,,
,,,,,,,,,138.062571718823,92.67241379310344,4,,,,,,
,,,,,,,,,138.06257171882302,92.73399014778326,4,,,,,,
,,,,,,,,,138.06257171882302,92.79556650246306,4,,,,,,
,,,,,,,,,138.06257171882302,92.85714285714286,4,,,,,,
,,,,,,,,,138.06257171882302,92.91871921182266,4,,,,,,
,,,,,,,,,138.06257171882302,92.98029556650246,4,,,,,,
,,,,,,,,,138.06257171882302,93.04187192118226,4,,,,,,
,,,,,,,,,138.06257171882302,93.10344827586206,4,,,,,,
,,,,,,,,,138.06257171882302,93.16502463054188,4,,,,,,
,,,,,,,,,138.06257171882302,93.22660098522168,4,,,,,,
,,,,,,,,,138.06257171882302,93.28817733990148,4,,,,,,
,,,,,,,,,138.06257171882302,93.34975369458128,4,,,,,,
,,,,,,,,,138.06257171882302,93.41133004926108,4,,,,,,
,,,,,,,,,138.06257171882302,93.47290640394088,4,,,,,,
,,,,,,,,,138.06257171882302,93.5344827586207,4,,,,,,
,,,,,,,,,138.06257171882302,93.5960591133005,4,,,,,,
,,,,,,,,,138.06257171882302,93.6576354679803,4,,,,,,
,,,,,,,,,138.06257171882302,93.7192118226601,4,,,,,,
,,,,,,,,,138.06257171882302,93.7807881773399,4,,,,,,
,,,,,,,,,138.06257171882302,93.8423645320197,4,,,,,,
,,,,,,,,,138.06257171882302,93.90394088669952,4,,,,,,
,,,,,,,,,138.06257171882302,93.96551724137932,4,,,,,,
,,,,,,,,,138.06257171882302,94.02709359605912,4,,,,,,
,,,,,,,,,138.06257171882302,94.08866995073892,4,,,,,,
,,,,,,,,,138.06257171882302,94.15024630541872,4,,,,,,
,,,,,,,,,138.06257171882302,94.21182266009852,4,,,,,,
,,,,,,,,,138.06257171882302,94.27339901477832,4,,,,,,
,,,,,,,,,138.06257171882302,94.33497536945814,4,,,,,,
,,,,,,,,,138.06257171882305,94.39655172413794,4,,,,,,
,,,,,,,,,138.06257171882305,94.45812807881774,4,,,,,,
,,,,,,,,,138.06257171882305,94.51970443349754,4,,,,,,
,,,,,,,,,138.06257171882305,94.58128078817734,4,,,,,,
,,,,,,,,,138.06257171882305,94.64285714285714,4,,,,,,
,,,,,,,,,138.06257171882305,94.70443349753695,4,,,,,,
,,,,,,,,,138.06257171882305,94.76600985221675,4,,,,,,
,,,,,,,,,138.06257171882305,94.82758620689656,4,,,,,,
,,,,,,,,,138.06257171882305,94.88916256157636,4,,,,,,
,,,,,,,,,138.06257171882305,94.95073891625616,4,,,,,,
,,,,,,,,,138.06257171882305,95.01231527093596,4,,,,,,
,,,,,,,,,138.06257171882305,95.07389162561577,4,,,,,,
,,,,,,,,,138.06257171882305,95.13546798029557,4,,,,,,
,,,,,,,,,138.06257171882308,95.19704433497537,4,,,,,,
,,,,,,,,,138.06257171882308,95.25862068965517,4,,,,,,
,,,,,,,,,138.06257171882308,95.32019704433498,4,,,,,,
,,,,,,,,,138.06257171882308,95.38177339901478,4,,,,,,
,,,,,,,,,138.06257171882308,95.44334975369458,4,,,,,,
,,,,,,,,,138.06257171882308,95.50492610837439,4,,,,,,
,,,,,,,,,138.0625717188231,95.56650246305419,4,,,,,,
,,,,,,,,,138.0625717188231,95.62807881773399,4,,,,,,
,,,,,,,,,138.9095813612697,95.6896551724138,4,,,,,,
,,,,,,,,,138.9095813612697,95.7512315270936,4,,,,,,
,,,,,,,,,138.90958136126974,95.8128078817734,4,,,,,,
,,,,,,,,,138.90958136126974,95.87438423645321,4,,,,,,
,,,,,,,,,138.90958136126977,95.93596059113301,4,,,,,,
,,,,,,,,,138.9095813612698,95.99753694581281,4,,,,,,
,,,,,,,,,139.88492530215632,96.05911330049261,4,,,,,,
,,,,,,,,,140.52813836126958,96.12068965517241,4,,,,,,
,,,,,,,,,140.52813836126958,96.18226600985221,4,,,,,,
,,,,,,,,,140.52813836126964,96.24384236453203,4,,,,,,
,,,,,,,,,140.52813836126967,96.30541871921183,4,,,,,,
,,,,,,,,,140.52813836126967,96.36699507389163,4,,,,,,
,,,,,,,,,140.52813836126967,96.42857142857143,4,,,,,,
,,,,,,,,,140.52813836126967,96.49014778325123,4,,,,,,
,,,,,,,,,140.5281383612697,96.55172413793103,4,,,,,,
,,,,,,,,,140.5281383612697,96.61330049261083,4,,,,,,
,,,,,,,,,140.5281383612697,96.67487684729065,4,,,,,,
,,,,,,,,,140.5281383612697,96.73645320197045,4,,,,,,
,,,,,,,,,140.5281383612697,96.79802955665025,4,,,,,,
,,,,,,,,,140.5281383612697,96.85960591133005,4,,,,,,
,,,,,,,,,140.5281383612697,96.92118226600985,4,,,,,,
,,,,,,,,,140.52813836126973,96.98275862068965,4,,,,,,
,,,,,,,,,140.52813836126973,97.04433497536947,4,,,,,,
,,,,,,,,,140.52813836126973,97.10591133004927,4,,,,,,
,,,,,,,,,140.52813836126975,97.16748768472907,4,,,,,,
,,,,,,,,,140.52813836126975,97.22906403940887,4,,,,,,
,,,,,,,,,140.5281383612698,97.29064039408867,4,,,,,,
,,,,,,,,,140.7431150279363,97.35221674876847,4,,,,,,
,,,,,,,,,140.74311502793634,97.41379310344828,4,,,,,,
,,,,,,,,,140.74311502793637,97.47536945812809,4,,,,,,
,,,,,,,,,140.7431150279364,97.53694581280789,4,,,,,,
,,,,,,,,,140.7431150279364,97.59852216748769,4,,,,,,
,,,,,,,,,140.74311502793643,97.66009852216749,4,,,,,,
,,,,,,,,,140.74311502793645,97.72167487684729,4,,,,,,
,,,,,,,,,140.7431150279365,97.78325123152709,4,,,,,,
,,,,,,,,,140.74311502793654,97.8448275862069,4,,,,,,
,,,,,,,,,141.0252877658428,97.9064039408867,5,,,,,,
,,,,,,,,,144.99551202793631,97.9679802955665,4,,,,,,
,,,,,,,,,144.9955120279364,98.0295566502463,4,,,,,,
,,,,,,,,,144.99551202793643,98.0911330049261,4,,,,,,
,,,,,,,,,149.36292769460297,98.15270935960591,4,,,,,,
,,,,,,,,,149.362927694603,98.21428571428572,4,,,,,,
,,,,,,,,,149.36292769460303,98.27586206896552,4,,,,,,
,,,,,,,,,149.36292769460303,98.33743842364532,4,,,,,,
,,,,,,,,,149.3629276946031,98.39901477832512,4,,,,,,
,,,,,,,,,168.8582226946029,98.46059113300493,4,,,,,,
,,,,,,,,,168.85822269460294,98.52216748768473,4,,,,,,
,,,,,,,,,168.85822269460297,98.58374384236454,4,,,,,,
,,,,,,,,,168.858222694603,98.64532019704434,4,,,,,,
,,,,,,,,,172.05174002793623,98.70689655172414,4,,,,,,
,,,,,,,,,172.05174002793632,98.76847290640394,4,,,,,,
,,,,,,,,,172.135276718823,98.83004926108374,4,,,,,,
,,,,,,,,,179.59751180215633,98.89162561576354,4,,,,,,
,,,,,,,,,183.36123613548966,98.95320197044335,4,,,,,,
,,,,,,,,,193.77805002793644,99.01477832512316,4,,,,,,
,,,,,,,,,231.80634269460293,99.07635467980296,4,,,,,,
,,,,,,,,,234.16147836126964,99.13793103448276,4,,,,,,
,,,,,,,,,305.664469218823,99.19950738916256,4,,,,,,
,,,,,,,,,308.16107699673245,99.26108374384236,4,,,,,,
,,,,,,,,,308.58703205215636,99.32266009852216,4,,,,,,
,,,,,,,,,353.7536676946029,99.38423645320198,4,,,,,,
,,,,,,,,,361.7700743854897,99.44581280788178,4,,,,,,
,,,,,,,,,420.9873126946031,99.50738916256158,4,,,,,,
,,,,,,,,,452.4076626946029,99.56896551724138,4,,,,,,
,,,,,,,,,499.30674269460303,99.63054187192118,4,,,,,,
,,,,,,,,,665.3509480279362,99.69211822660098,4,,,,,,
,,,,,,,,,721.0870860279363,99.75369458128078,4,,,,,,
,,,,,,,,,861.1797087225393,99.8152709359606,3,,,,,,
,,,,,,,,,926.6442720558728,99.8768472906404,3,,,,,,
,,,,,,,,,933.6526793612694,99.9384236453202,4,,,,,,
,,,,,,,,,1008.1658743612695,100.0,4,,,,,,
